EDGAR Country Code,Country,1990,1991,1992,1993,1994,1995,1996,1997,1998,1999,2000,2001,2002,2003,2004,2005,2006,2007,2008,2009,2010,2011,2012,2013,2014,2015,2016,2017,2018,2019,2020,2021,2022,2023,2024
ABW,Aruba,0.1015312311,0.1053712621,0.1096536274,0.1027714919,0.1073081303,0.1146828608,0.07681770434,0.1152550259,0.1157742208,0.115864375,0.09789657222,0.09479311604,0.1026187039,0.1150578213,0.110841349,0.1206285611,0.1216443425,0.1264879091,0.122419817,0.1481368004,0.1462656528,0.09120417541,0.1096806245,0.1118977166,0.1212862392,0.1276555206,0.1315121574,0.1184677234,0.1152934579,0.1286584554,0.1676030169,0.140027532,0.1360251748,0.130924875,0.1270935826
AFG,Afghanistan,0.2424139402,0.2738974147,0.2499075114,0.3363744792,0.4348720349,0.2951600727,0.3433751593,0.3899773712,0.4319973312,0.4790053595,0.4410837546,0.4281463528,0.4014768772,0.384131691,0.3820184075,0.3467050033,0.3330208871,0.3135766002,0.3594270979,0.3387098758,0.3446524491,0.3942350248,0.3261961389,0.2920035744,0.2865080156,0.2798053079,0.2645787583,0.2891618963,0.2994654903,0.2927078312,0.2994226874,0.3828469785,0.3968406287,0.3944030522,0.4016956646
AGO,Angola,0.3966123092,0.3848211062,0.3996551975,0.5896363223,0.7529983795,0.7545011238,0.7973029881,0.7629632331,0.791805115,0.7827094255,0.7090587281,0.663445263,0.5637963478,0.5512589907,0.5368545339,0.4538879065,0.3626017125,0.310290564,0.2945703029,0.2990189245,0.3180485773,0.3026453459,0.2864543275,0.2900030043,0.2837415627,0.2972408141,0.2944793631,0.2759226113,0.2611868031,0.2658098741,0.2498494325,0.2603461878,0.2580908505,0.2562596003,0.2511149411
AIA,Anguilla,0.02918908359,0.04537273679,0.03565067985,0.04177497467,0.05186323056,0.0633185209,0.0651231131,0.05594520527,0.04514466263,0.03965749322,0.05300612784,0.05513131446,0.04464030765,0.04732990957,0.04031726737,0.03391786617,0.03041064268,0.02499512356,0.02982680559,0.0533819722,0.06463740577,0.06967403307,0.07542761422,0.09365650115,0.09848384834,0.1142212647,0.127935723,0.1510135509,0.1912022019,0.1247811362,0.1121034485,0.1028666168,0.09015522421,0.07963578914,0.08241375803
ALB,Albania,0.6291872463,0.6880136312,0.5053547641,0.4640998085,0.4766858116,0.3988532423,0.3564420166,0.3553240521,0.3434688215,0.3699213816,0.3540274017,0.3336825939,0.3457618159,0.3359735986,0.3272689404,0.296094352,0.2808499446,0.2622351643,0.2387647747,0.232003435,0.234252862,0.2408888763,0.2293565306,0.2326923005,0.2405690784,0.2312259138,0.212676136,0.2260579257,0.2179668258,0.2013675982,0.1921903776,0.187377587,0.1619470961,0.1469803988,0.1387127621
ANT,Curaçao,0.8356154872,0.8454456586,0.8689776804,0.7125750325,0.775530496,0.7538969736,0.7365502856,1.34428611,1.337778701,1.266577873,1.281727276,1.290531761,1.228661021,1.227512965,1.272514954,1.3250319,1.273552321,1.343866948,1.301418732,1.240709358,0.9047471414,1.158262806,1.179976604,1.091275326,1.209786071,1.217717478,1.070139794,0.8738807585,0.7226957705,0.5785448559,0.596058831,0.6086655817,0.5824545953,0.5576388063,0.5780959443
ARE,United Arab Emirates,0.3876033914,0.4248217809,0.4088907546,0.4344312698,0.4275250384,0.4211534226,0.4175927906,0.3922970538,0.3949225456,0.3932175545,0.3625688886,0.3957473105,0.3910236797,0.3815533141,0.3648286955,0.3704899468,0.3520689778,0.3632972518,0.4081898223,0.4331566265,0.4436596923,0.4330107169,0.4435141383,0.4442559065,0.4326968551,0.4255490193,0.4157874352,0.4002817654,0.3710251935,0.3871122089,0.4038343584,0.3956646422,0.3683732278,0.3537205236,0.354087833
ARG,Argentina,0.4542636015,0.4225710111,0.3945518663,0.3672502911,0.3543463552,0.3685864785,0.3586974436,0.3376827988,0.3296544242,0.349102076,0.3478685991,0.3601978855,0.4028791264,0.3979526844,0.3873719635,0.3610576535,0.3476567608,0.3298006035,0.3193142399,0.3170006352,0.2911849973,0.2799981397,0.289072677,0.2892719504,0.2965536889,0.2936663303,0.3024795786,0.2969878253,0.3048179732,0.3086129111,0.3282121934,0.3115803144,0.3057208625,0.3059784541,0.3085852374
ARM,Armenia,1.114913424,1.291868782,1.251336336,0.7514744738,0.4903469067,0.5177118539,0.4103305541,0.4528585142,0.4238120616,0.3834869225,0.3966049075,0.3702544903,0.3024773118,0.286701097,0.2804058047,0.2743899687,0.2413609426,0.2401854141,0.2378575711,0.2360062655,0.2224889714,0.2313309649,0.2401708817,0.2336768951,0.2349192043,0.225808241,0.2211724659,0.210549158,0.203372181,0.1990148706,0.2306403063,0.2312745776,0.2112981316,0.1864882784,0.1769263029
ATG,Antigua and Barbuda,0.1855558851,0.1828063914,0.1819527302,0.1708399699,0.170948399,0.1848717676,0.1724616383,0.1706455335,0.166147819,0.1621677203,0.1177873793,0.1220050316,0.1304238359,0.1302991952,0.1249679707,0.120287994,0.1161846962,0.1130226411,0.11883436,0.1494644021,0.157650694,0.1294606055,0.1316416612,0.1474744337,0.1532854881,0.1561575229,0.1603561209,0.140667232,0.1354591838,0.1513068983,0.1788511405,0.1678487663,0.1585108187,0.1562175388,0.15400421
AUS,Australia,0.7456529328,0.7530760743,0.753125872,0.7308875389,0.709019421,0.6941543469,0.6864447258,0.677656697,0.6742859951,0.6500780771,0.637104897,0.6353743202,0.6217376056,0.5912012494,0.5896062039,0.573148986,0.5647381458,0.5514727584,0.5307507817,0.5272526582,0.5167692963,0.5147213247,0.4986592654,0.4781661511,0.4601187203,0.4529337662,0.4372626024,0.4396935237,0.4239906368,0.4129921077,0.3959902984,0.3855558602,0.3670350151,0.3645848698,0.3632597573
AUT,Austria,0.2411100944,0.2454381297,0.2248376785,0.2236550098,0.2196227763,0.2216819938,0.2274204213,0.220609227,0.2134826459,0.2007915891,0.1948723141,0.2035889013,0.2046583793,0.2130752897,0.2094514605,0.2057523753,0.1942008512,0.1811952718,0.1778004673,0.1689428331,0.1781851641,0.1696380266,0.162107351,0.163507359,0.1552324564,0.155967266,0.1535487472,0.1540529581,0.1448891857,0.1447258554,0.1430367915,0.1419982814,0.1281439895,0.1217559759,0.1221760249
AZE,Azerbaijan,0.8752329103,0.8578272985,0.93104386,1.072558111,1.185346721,1.318374883,1.136692655,1.053802387,0.9692547246,0.9263115298,0.8716769783,0.7799636826,0.7098954233,0.6907938163,0.6319078544,0.5278901947,0.4073788387,0.3275815129,0.324881113,0.2643078717,0.2465758975,0.2642503343,0.2756623379,0.2668670816,0.2688803292,0.2654728767,0.2724528487,0.2706267255,0.2702397791,0.2776300317,0.2814611359,0.2775895087,0.2774576475,0.2818627944,0.2587219929
BDI,Burundi,0.3905756497,0.3882340192,0.3788512493,0.410966601,0.4239720796,0.4784620508,0.5369754518,0.5541215714,0.5260121018,0.4631384926,0.4773833747,0.4650566269,0.4406837101,0.452187268,0.4528408762,0.4649335384,0.4683244042,0.4876558872,0.4632078176,0.4743974226,0.4910459998,0.5013097485,0.479670679,0.5676656285,0.5401539584,0.5608244247,0.5973924434,0.6622557047,0.6812504202,0.644340375,0.6426473245,0.7286948603,0.6978293537,0.7217908578,0.71714769
BEL,Belgium,0.3385457957,0.3420507806,0.3316131585,0.3302494156,0.3365133515,0.3309260691,0.3387729756,0.3188600653,0.3204517274,0.3016117106,0.2935605637,0.2908487706,0.271620846,0.2758618677,0.2642216386,0.2526022769,0.2404165949,0.2276410703,0.2294066141,0.2212435137,0.2291774334,0.2078882419,0.2044925153,0.2057365085,0.1916554094,0.1960866683,0.192114463,0.1862864433,0.1837605101,0.1789410308,0.1747733049,0.1700342992,0.1528089225,0.1445736488,0.1439459055
BEN,Benin,0.3293338103,0.3235093096,0.3225928861,0.3063757892,0.3249551582,0.2910930648,0.3420943548,0.3412378106,0.3292804469,0.3326056717,0.3262027503,0.337209484,0.3445373994,0.3504888088,0.350182173,0.3643621787,0.405118332,0.4113440118,0.396493812,0.4075390651,0.4312107943,0.4222509799,0.4010456584,0.3974591357,0.3927509085,0.4025310055,0.4378645205,0.4237846628,0.4332844182,0.4104170016,0.4073402143,0.3483108902,0.3453900681,0.3304872981,0.3176859448
BFA,Burkina Faso,1.114260784,1.074999501,1.083715603,1.072934546,1.092693533,1.067953712,0.9924014963,0.9674055104,0.9285472653,0.8278315277,0.8323863316,0.872804292,0.8568586578,0.9567301483,0.9279298721,0.8827345363,0.8501150478,0.8504451802,0.8460765429,0.8398107914,0.8023800951,0.7731772351,0.75432713,0.7409359265,0.7186810437,0.7350868361,0.7143893763,0.6980402875,0.6886450556,0.6737261813,0.5904509325,0.6479633056,0.6439129695,0.6052690224,0.5849369638
BGD,Bangladesh,0.3240512434,0.313604909,0.3079794029,0.3008096683,0.3002093702,0.3068127372,0.2985521626,0.2938051676,0.282663789,0.2835732537,0.2749311131,0.2788536663,0.2762733674,0.2708904239,0.2633107936,0.2558945722,0.2489616855,0.2410321562,0.2397935692,0.2365864154,0.2362313414,0.2293373569,0.2228725481,0.2143276478,0.2102146112,0.2080126567,0.2037708874,0.200659167,0.191841498,0.1824412784,0.1737875436,0.1758350585,0.1668837488,0.1527161814,0.1499180582
BGR,Bulgaria,0.7728052048,0.6994895991,0.7110743322,0.7101167036,0.6655809054,0.6551317006,0.6277135365,0.702777649,0.6495375103,0.6371180187,0.593169957,0.5899608695,0.5280819315,0.5534940863,0.5067336772,0.4800934921,0.4583318505,0.4542691722,0.4090284998,0.3709579903,0.3838042786,0.410480834,0.3779685697,0.3472300467,0.3649430279,0.3657386789,0.3413552059,0.3446790248,0.3188733585,0.2991271763,0.2811986759,0.2935937966,0.2992281676,0.2324691677,0.2125089553
BHR,Bahrain,1.348942356,1.193953552,1.283782585,1.210282718,1.211452997,1.161002823,1.157515926,1.041639352,1.039188406,1.054956935,1.016950822,1.019245871,0.9735350971,0.9073779284,0.8467117749,0.8657694673,0.8451401761,0.8006714805,0.8135348002,0.8031477246,0.7752742483,0.7664088779,0.7954255582,0.8212854962,0.8125125532,0.7951896337,0.7690084607,0.7306874563,0.7166319548,0.748632891,0.7983074772,0.7681713064,0.7394907962,0.7117610021,0.6874139953
BHS,Bahamas,0.1432334508,0.1374645885,0.1268874096,0.1297538015,0.1372949484,0.1493658557,0.1580771047,0.1575707859,0.1704994302,0.1452671049,0.1123211637,0.1095034879,0.1151580858,0.09272271837,0.09821105139,0.09417313873,0.1113697742,0.1278355579,0.135102149,0.1213415195,0.1325022738,0.09678066258,0.1058054801,0.1156490002,0.1172756956,0.1151050713,0.1269214842,0.133400981,0.1175876203,0.1378484826,0.1461796654,0.1474203466,0.1303803245,0.12716541,0.1284912878
BIH,Bosnia and Herzegovina,3.062056451,3.061253642,2.512432534,2.197052658,0.661886843,0.5719245322,0.4100871949,0.5193029373,0.5573181615,0.522605541,0.6101398408,0.581839069,0.5853544102,0.575020043,0.5799239516,0.5767665619,0.5984752784,0.5933848436,0.5936692272,0.6073831316,0.6140259082,0.6785667803,0.6397871484,0.6201128661,0.581411219,0.5565707245,0.6050329958,0.5972676998,0.5825400896,0.5363004797,0.5515592832,0.5115287592,0.4862822771,0.4470660745,0.4273027311
BLR,Belarus,1.151890289,1.12663869,1.142892862,1.100648255,1.098671475,1.120443919,1.088266825,0.9767460946,0.8851255183,0.8318246488,0.7614954437,0.7153185946,0.6797618019,0.6378786171,0.5956315424,0.5489880848,0.5153451765,0.4680056145,0.4567519769,0.4423142271,0.4326237767,0.3999503229,0.4001053407,0.3976863187,0.3883508574,0.3835737893,0.3897560399,0.3874083861,0.3885143239,0.3740642045,0.3657895057,0.3577561109,0.3642575443,0.3409199585,0.3299129217
BLZ,Belize,0.289811758,0.2699046367,0.2389379905,0.2149435406,0.2166026932,0.2062564668,0.1953669427,0.2313759015,0.2320003973,0.2200300053,0.1723332549,0.1716719355,0.1670824863,0.1611464494,0.1478420795,0.1513222787,0.1700569492,0.1718204095,0.1778849751,0.1940059139,0.2028330845,0.1955446119,0.182122216,0.1900534925,0.1723452677,0.1797648105,0.1851902926,0.198225802,0.1961899639,0.2176261977,0.2340162858,0.2040990378,0.1922840715,0.195523302,0.1867724395
BMU,Bermuda,0.06142178415,0.05799450489,0.04697782084,0.05031106666,0.04960241072,0.04775500701,0.04735410202,0.04640209286,0.04566881639,0.04472662797,0.02943246585,0.02721183137,0.0303154062,0.03017091136,0.02978438301,0.03125077884,0.03606249912,0.04112242066,0.04216324852,0.03948551576,0.05018714732,0.02764325168,0.03319336788,0.0366159231,0.05088599658,0.04340937937,0.05763551074,0.0512257096,0.05389105182,0.05389464331,0.04206209189,0.04536501815,0.04464104727,0.04451370864,0.04584736115
BOL,Bolivia,0.8054528902,0.8140804151,0.8345748886,0.8572677776,0.8679711455,0.6591129381,0.6320556749,0.6927318878,0.6109980662,0.5920643716,0.5670758221,0.5315233038,0.5398098429,0.5436916644,0.5444152968,0.5310289379,0.5242776161,0.5311632646,0.5173062589,0.5194186002,0.5424383739,0.5261682379,0.5219866675,0.5085887937,0.4932473823,0.4804981994,0.477295263,0.4641298806,0.451470438,0.4495881452,0.4629925139,0.4730328879,0.4740719169,0.4746726607,0.5221803514
BRA,Brazil,0.3445741137,0.355290363,0.3685735465,0.3643272955,0.3580027828,0.3603701854,0.3546728778,0.3535057571,0.3588236409,0.3636610001,0.3571060698,0.3569724017,0.3552017161,0.3628018742,0.3610311103,0.3559569491,0.3437376316,0.3303999608,0.3246357557,0.3172379869,0.3172707183,0.3152104443,0.3182663414,0.3183912762,0.325305435,0.3331080551,0.3374320516,0.336039355,0.3238365637,0.3211038967,0.3307939433,0.3371871068,0.3276603595,0.3219964135,0.3119029953
BRB,Barbados,0.1950347429,0.1961688104,0.2050069603,0.1937136213,0.1869517911,0.1861077535,0.1774170601,0.190686547,0.1979528197,0.2044794241,0.1698854552,0.1660802852,0.1705691494,0.1728032571,0.1693283734,0.165494766,0.1627789037,0.1538586567,0.1742147448,0.1851452735,0.1927093369,0.1672853101,0.1601570119,0.1779995181,0.1656952934,0.1771544872,0.1844804895,0.1671812595,0.188202916,0.2043473892,0.1950822897,0.1923400797,0.1708299074,0.1637656213,0.1615723262
BRN,Brunei,0.193979284,0.2053077782,0.2190204817,0.2310964798,0.2332281045,0.239452091,0.2515669841,0.2522194417,0.2526938179,0.2576541702,0.2591356827,0.2627233813,0.2286239017,0.2490651852,0.2347952352,0.2258858632,0.3036935777,0.3012233298,0.3742626333,0.3257191056,0.2871229216,0.2961428009,0.284216896,0.2886253481,0.3020522077,0.2827141584,0.3019960683,0.2979660479,0.30450962,0.2838809222,0.3551322667,0.3546098312,0.3424339088,0.3430079447,0.3247496879
BTN,Bhutan,0.5626353329,0.5120884535,0.4732916689,0.4785687518,0.4886599346,0.5217836351,0.5040847476,0.4838061123,0.4644126658,0.4405146406,0.4278748337,0.4028826783,0.3752433087,0.3560173473,0.3414077765,0.3480917135,0.3474913983,0.303264765,0.297204731,0.3012608877,0.2866568614,0.2937647438,0.2725554338,0.2823537583,0.271908554,0.2755786536,0.2693802336,0.2723030831,0.2915114432,0.2799008991,0.2718869453,0.2734719803,0.2549505039,0.2424899419,0.2342002498
BWA,Botswana,0.6748597242,0.5610274274,0.561401833,0.539681838,0.5241252887,0.5497659465,0.4713101513,0.446826559,0.4877195398,0.4770373273,0.4950616414,0.4621421728,0.4268352017,0.3848052461,0.3730253988,0.3835695983,0.3499046974,0.3366343241,0.3483890925,0.382588755,0.3601790615,0.358566628,0.3141682786,0.3371034608,0.3470697868,0.3745127887,0.3276426736,0.3265158281,0.3355857521,0.2941512346,0.2841681154,0.2841660466,0.275444875,0.2684935374,0.2655739345
CAF,Central African Republic,1.786700419,1.914861063,2.041559694,1.898523247,1.96594343,1.880809855,2.037770959,1.738145036,1.938316305,1.831071661,1.919772752,1.924925254,1.656053902,1.982736807,1.744530106,1.864514747,1.791264487,1.894095487,1.861816502,1.61367972,1.643260956,1.710098356,1.591387759,2.490373864,2.473383475,2.457985523,2.49888738,2.294577075,2.270507596,2.167821303,2.205958132,2.21107479,2.256766104,2.189446225,2.26220581
CAN,Canada,0.5268688432,0.5340903819,0.5443559559,0.5348271737,0.5337443208,0.5328502708,0.5384763801,0.5269147067,0.5142130051,0.4965036262,0.4877488581,0.4728686715,0.4733837965,0.4772754902,0.4560288192,0.4544544466,0.4404591462,0.4438216064,0.4260147899,0.4155476791,0.4147827567,0.4115092012,0.4023312519,0.3988201002,0.3931476933,0.3868252034,0.3811013317,0.3798752736,0.380617321,0.3718461239,0.3541484787,0.3408740814,0.3352860838,0.3275816143,0.3281282876
CHE,Switzerland and Liechtenstein,0.125561125,0.132385721,0.1318709255,0.1260628902,0.1222255359,0.1234991249,0.1242703292,0.118288874,0.1181892439,0.1165621131,0.110556411,0.1119105501,0.1086644625,0.1112509452,0.1094847387,0.1079052901,0.102450284,0.09497619059,0.09512825561,0.09474997597,0.09484747541,0.08638195646,0.08765000432,0.08817130418,0.08028782587,0.07797567785,0.07716912189,0.07474968953,0.07075937228,0.06967169546,0.06762908332,0.0665454678,0.06012822501,0.05861162327,0.05803584886
CHL,Chile,0.3722323307,0.3363082611,0.3119956112,0.3056768261,0.3098267787,0.3071564517,0.3175071535,0.3225550013,0.3118510604,0.3259735745,0.2979830137,0.2827147691,0.2758708954,0.270574685,0.2705855426,0.2575705958,0.2466501312,0.2575022437,0.2591690796,0.2528074653,0.2452064817,0.2549305213,0.2487558832,0.2459607508,0.2258057632,0.2323881601,0.238720036,0.2406957671,0.235524143,0.2460582256,0.248118481,0.2247595954,0.2240301561,0.2010322249,0.1980053204
CHN,China,1.962056712,1.858254245,1.676324821,1.548063537,1.429099807,1.407609468,1.282253676,1.17909402,1.116156858,1.025887942,0.9863520244,0.9450335538,0.9193549419,0.940727594,0.9680234515,0.9711549574,0.9467509388,0.8859204111,0.8267939564,0.8047086617,0.7893445489,0.7859641546,0.7506403556,0.7261318731,0.683360626,0.6307739809,0.5899273046,0.5624729892,0.5501069205,0.530407109,0.5248198355,0.5050061931,0.4893598641,0.4815447245,0.462300793
CIV,Côte d’Ivoire,0.1551204052,0.1599910457,0.1624672017,0.166380727,0.1784785107,0.175428598,0.1810378444,0.1808030499,0.1708069563,0.1911762653,0.1906268934,0.1973050164,0.2123881076,0.2041396526,0.2079168249,0.217443899,0.2133210652,0.2158825138,0.2157748732,0.2016853363,0.2031439372,0.2214330414,0.2317248211,0.2211556202,0.2100756413,0.204409311,0.1988786012,0.1913737109,0.1792012675,0.1793717901,0.1800974595,0.1956494222,0.1915641427,0.1809810227,0.1767700575
CMR,Cameroon,0.5876762249,0.5950128901,0.5922463625,0.6258180329,0.5962747582,0.5924577324,0.5948457363,0.5590216314,0.546587667,0.5348266463,0.5383764169,0.5180358931,0.4765599108,0.4632498737,0.4292479053,0.4226160799,0.3975447852,0.3914534482,0.377971384,0.3792052783,0.3617703269,0.346422285,0.3396150566,0.3435123621,0.3486656401,0.3604552188,0.348623237,0.3261220636,0.3171608539,0.3123099106,0.3171294303,0.3087546592,0.3014599596,0.2920449998,0.2838435355
COD,Democratic Republic of the Congo,0.3179338371,0.3155135106,0.3620003785,0.4508154362,0.42975012,0.4386005552,0.4634493221,0.4652127191,0.4874849886,0.4974818344,0.5883323042,0.555746515,0.5147674112,0.5142642023,0.4921601689,0.4754740414,0.4614158011,0.4469501833,0.4313167208,0.4192215491,0.4073622136,0.3953954964,0.4547875155,0.4415322362,0.4238823477,0.4112792297,0.4063395163,0.4070705965,0.3906029713,0.3881661338,0.404662342,0.4057315444,0.3945795389,0.371240282,0.3565046134
COG,Congo,0.5264664902,0.5085281414,0.499019159,0.5196561127,0.481738131,0.5730383105,0.7093989591,0.7434698587,0.860062041,0.8993715694,0.9082956505,0.8160426731,0.5114152689,0.573411532,0.598185591,0.6789981928,0.6922864758,0.6372359651,0.5936495656,0.5798486528,0.5744779005,0.5396310392,0.4730198145,0.4628219577,0.4434905041,0.4381193369,0.4726471909,0.5429817857,0.6512662593,0.6739696631,0.688536668,0.6313138499,0.65212333,0.6398062058,0.628888522
COK,Cook Islands,,,,,,,,,,,,,,,,,,,,,,,,,,,,,,,,,,,
COL,Colombia,0.4076773856,0.4044101767,0.4040345335,0.3958741709,0.3776227509,0.3717089839,0.3645314771,0.3696916349,0.3721755667,0.3597597199,0.3621314717,0.3579735095,0.3463989566,0.3347812295,0.3190724159,0.3116938646,0.2899300162,0.2799718552,0.2729682004,0.278955857,0.2765100879,0.2636884301,0.2509440171,0.2524624572,0.2415268776,0.2367353229,0.2365169731,0.2288843146,0.233599792,0.2324124554,0.2486035969,0.2390389115,0.2196410364,0.2240301776,0.2223453094
COM,Comoros,0.2944788365,0.300328392,0.2745694829,0.2719412908,0.2928739847,0.2925770288,0.3061470836,0.2995463847,0.3148649126,0.331427597,0.3248390145,0.3209471519,0.3223824667,0.3333714509,0.3407965162,0.3347943443,0.3470384862,0.3106829934,0.3028095336,0.305360784,0.3080517808,0.2876461937,0.277455217,0.273255566,0.2578219134,0.2626019238,0.2726839967,0.2866957118,0.2576943454,0.2620604385,0.2712889591,0.3104011752,0.3169111335,0.3133043373,0.3072268887
CPV,Cabo Verde,0.3107269986,0.3414086997,0.344066432,0.3202844735,0.2657793624,0.2579193324,0.2225194132,0.2110563591,0.2004048489,0.1913710324,0.2588169107,0.2706462347,0.27554147,0.23731691,0.2298723198,0.2974054113,0.2931510376,0.2803180747,0.2551875933,0.256574687,0.2651308553,0.2883177257,0.2526310906,0.2473545649,0.2577704468,0.260533128,0.2611695673,0.2601467174,0.2291890075,0.2243425814,0.2275550877,0.2197576087,0.1977955479,0.1821549465,0.1776032278
CRI,Costa Rica,0.2806056086,0.2825535286,0.2899978056,0.2709291644,0.2690328293,0.2461420811,0.2418849122,0.2296922312,0.2253682672,0.2117323381,0.199051559,0.1949509674,0.1887525952,0.1879561731,0.1842207593,0.1832438223,0.1786620214,0.1793831148,0.1734934941,0.1728554946,0.1659261938,0.1636694036,0.15176111,0.151674439,0.1487113601,0.1415028567,0.1421761049,0.1396233324,0.1402668177,0.1357115089,0.1283084055,0.1278239067,0.1242980287,0.1261064787,0.1234136632
CUB,Cuba,0.3182407899,0.3000658303,0.2932408504,0.3139916193,0.3197248774,0.3195011128,0.3161126082,0.3250968186,0.3166897196,0.3014699104,0.28651425,0.2681956122,0.2561210784,0.2415532468,0.2238144256,0.2022532634,0.1862662867,0.1777191462,0.1684398071,0.1678778154,0.1669256925,0.1617370162,0.1609907073,0.1584675962,0.1503609958,0.1508259247,0.1433252178,0.1374895863,0.1355374268,0.1218453356,0.1209837818,0.1307753563,0.1191487036,0.1158606478,0.1187844573
CYM,Cayman Islands,0.05226249792,0.0532844415,0.05810913533,0.04773040934,0.06097593201,0.06076048844,0.06067798365,0.05511503387,0.05111272798,0.0532019548,0.04473536682,0.04612229689,0.05322482599,0.0486600776,0.04909557531,0.04220407789,0.04215374899,0.05025917464,0.05451921886,0.05971752252,0.06628229969,0.05393893827,0.05121746962,0.05672794352,0.05892248242,0.06162208571,0.06250294139,0.06439165327,0.06754808583,0.08159317198,0.07330884269,0.06651327119,0.07156511181,0.06883963111,0.07115513544
CYP,Cyprus,0.3478776551,0.3787460577,0.3691322937,0.3827063045,0.3761664302,0.3418673328,0.3568288987,0.3513218343,0.345814075,0.3411832719,0.3325539266,0.3170466481,0.3140687783,0.3305426267,0.3131621143,0.3022590145,0.2923573632,0.2874885036,0.2834425757,0.2836197149,0.2678356398,0.2605416187,0.2541105039,0.2505502973,0.2684429369,0.26164667,0.2578388835,0.2494579745,0.2321762081,0.2203329489,0.2184346583,0.199367817,0.1923211165,0.1882301703,0.1866919812
CZE,Czechia,0.691819499,0.7059214324,0.6787479954,0.6529433666,0.6048401616,0.5657705315,0.560756042,0.5516050042,0.5313154002,0.4965012501,0.5240178619,0.5093435338,0.4834587363,0.4774516052,0.4581859486,0.4220481365,0.4002439667,0.38392202,0.3589837423,0.3592489737,0.3542390758,0.3420976236,0.3343322767,0.3236072479,0.3120854191,0.3009805041,0.2959554366,0.2830547206,0.2719732489,0.2514951199,0.2449780737,0.2459997521,0.2360746166,0.2108574447,0.1923397034
DEU,Germany,0.3671078709,0.3420681008,0.3176992461,0.3169935111,0.3051140156,0.2983608445,0.3024276104,0.286964774,0.2759390605,0.259730298,0.2514383603,0.2494316754,0.2452728276,0.2471657324,0.2402196296,0.2318826685,0.2247854005,0.2122589683,0.2101094037,0.2072710491,0.2093522324,0.1955912282,0.1969966651,0.1998809321,0.1874416482,0.1854237709,0.1818008426,0.1737804534,0.1658495342,0.154047791,0.1488650253,0.1487200749,0.1438090089,0.1303651639,0.1285148275
DJI,Djibouti,0.7403341206,0.8967147271,0.646835306,0.5324007063,0.7383250767,0.6442112849,0.7629455993,0.7192904996,0.7388483754,0.7307493229,0.5729497764,0.5882842456,0.6050784797,0.5751543055,0.5524420026,0.5190870424,0.4432371089,0.431046033,0.4033901299,0.5140485946,0.5899146622,0.482597216,0.5007778367,0.4853381045,0.4574437926,0.4139652042,0.3831184269,0.3536096752,0.3492305219,0.3512559319,0.3378739995,0.3382116655,0.3336858297,0.3165000839,0.3007538678
DMA,Dominica,0.1009245676,0.09928936819,0.09760093351,0.1166188814,0.131890189,0.1371897235,0.1398092641,0.1343298287,0.1016834323,0.1288677957,0.1182988601,0.118645065,0.1167147595,0.1177943831,0.1172188625,0.1153749459,0.1141742412,0.1206148518,0.1111891728,0.1139645979,0.1164537485,0.1031784791,0.09967669534,0.1043347208,0.1081791,0.1165224597,0.1195332364,0.1212617614,0.1198662109,0.1281450664,0.1429007123,0.1353431646,0.1268865081,0.1227908578,0.1198718219
DNK,Denmark,0.2930060418,0.3335858321,0.3023042371,0.3132096391,0.3121358191,0.291539957,0.3328213832,0.2873527387,0.2667465012,0.2486844197,0.2267084567,0.2296680952,0.2259388953,0.2425655811,0.2170715374,0.2007570984,0.2144930319,0.1993414311,0.1893896934,0.1924524992,0.1906210583,0.1723219773,0.1578536174,0.1603726642,0.1462472313,0.1371311693,0.1378566435,0.1276638205,0.1252408189,0.113736918,0.1101274915,0.1059415555,0.1002275167,0.0916514499,0.08685422384
DOM,Dominican Republic,0.3178276964,0.3300590391,0.3179965875,0.2972205367,0.3155015756,0.3092079011,0.3083885423,0.307303662,0.3136157909,0.3027608542,0.2952448178,0.2945504909,0.3057924824,0.2867044404,0.2740534135,0.261189251,0.2576516105,0.2483621782,0.2424292967,0.2368377165,0.2280344582,0.2233962823,0.2230539068,0.2107235632,0.1996594802,0.199477234,0.1938300623,0.1828548184,0.1812696542,0.1865499948,0.1975856527,0.186784605,0.1892111464,0.1887717492,0.1862899944
DZA,Algeria,0.4435251745,0.4516834016,0.4774058791,0.4978770701,0.4971110931,0.5059562947,0.4829215551,0.4476972706,0.4233362958,0.4224731445,0.4302317026,0.3885031205,0.3670120136,0.3775858812,0.356646971,0.3494704135,0.3572126944,0.3457460188,0.3535097882,0.3414917602,0.3407155792,0.3429611312,0.3641186709,0.3633872899,0.3705445241,0.3752115963,0.3577412283,0.3602717123,0.3688908293,0.3754924024,0.3740457148,0.378914897,0.3806041096,0.3700088093,0.3487614863
ECU,Ecuador,0.370442397,0.3619048398,0.3782333828,0.3799170113,0.3845278793,0.4005269338,0.4323438664,0.4252525789,0.3950162082,0.3846613496,0.3666671856,0.3843909604,0.3679056356,0.3734321353,0.3763816901,0.3629190285,0.3641724431,0.3588749935,0.3462944614,0.3670448096,0.3755213426,0.3491821874,0.3317759278,0.3246675551,0.3201106867,0.314040899,0.31264663,0.2887872062,0.2886711616,0.2900181416,0.2930318024,0.2866576964,0.2802190098,0.2838425095,0.2942949747
EGY,Egypt,0.3190686948,0.3363477182,0.3280156197,0.3223843716,0.30186459,0.3067970623,0.3101238957,0.3060160815,0.2971698151,0.2993311861,0.2817281127,0.2905847759,0.2917914363,0.2893352008,0.2957852509,0.3048853557,0.2985040898,0.2931889247,0.2764222924,0.2709105383,0.2576348259,0.2613666506,0.2678027991,0.2572067283,0.2537814155,0.2479411128,0.2470867389,0.2459701127,0.2305371329,0.2019762326,0.2006083019,0.2039498732,0.1901788223,0.1933956078,0.1974833836
ERI,Eritrea,1.325270335,1.458685254,1.678700183,1.256822791,1.090424883,1.095068657,1.108460593,1.10673795,1.035454181,1.058820663,1.229727051,1.11370825,1.071948735,1.125740206,1.124436888,1.09007392,1.070696258,1.098914096,1.350915748,1.217865905,1.097538585,0.9175539152,0.9113715881,1.023138934,0.7885127293,0.9988090032,0.9435252957,1.048895255,0.9453340906,0.9195601899,0.9308976178,0.9179951709,0.8897528512,0.8642739102,0.8698600527
ESH,Western Sahara,,,,,,,,,,,,,,,,,,,,,,,,,,,,,,,,,,,
ESP,Spain and Andorra,0.2380039391,0.2385619875,0.2424937811,0.2335886592,0.237984459,0.2437073021,0.2317827874,0.2396994805,0.2366034395,0.2424713024,0.2416358374,0.2310532915,0.2353008208,0.2335923027,0.2357807966,0.2353700394,0.2219820261,0.2226958332,0.2039731532,0.1918049172,0.1851574561,0.1861935653,0.1891553474,0.1761954343,0.1728509002,0.1718076855,0.1630599006,0.165153792,0.157763561,0.1464123584,0.1438522255,0.1438490429,0.1372320225,0.1250462303,0.120707361
EST,Estonia,1.501314145,1.50031044,1.428042595,1.269872962,1.304698329,1.152704807,1.142999647,0.9925540772,0.8698686467,0.8121198847,0.7510892222,0.7255131248,0.6566514066,0.6676342245,0.6407129555,0.5833238309,0.5167658551,0.5585802103,0.5441662521,0.5525921971,0.6614914114,0.6174779356,0.5729301584,0.6185770438,0.5824268591,0.5362887904,0.5079200109,0.5090151386,0.5231579878,0.351181031,0.2913980804,0.2838728187,0.3180651803,0.2621932013,0.2478776951
ETH,Ethiopia,1.604128586,1.750476849,1.969026562,1.614730641,1.62811013,1.559629244,1.457391405,1.460170735,1.614494336,1.536976596,1.411180562,1.395361571,1.503842001,1.524824063,1.380489166,1.280340564,1.225492511,1.204251046,1.140563702,1.090438124,1.014001007,0.9110685397,0.8729691485,0.8203902553,0.7773926644,0.7265612301,0.6934755579,0.6475020945,0.6247744312,0.6162162851,0.6066032425,0.5597447235,0.5419820649,0.5309464541,0.5024855767
FIN,Finland,0.3774536486,0.4031038858,0.3983070599,0.4099150227,0.4330435616,0.3978095821,0.4156821297,0.3813134698,0.3491298726,0.3312397037,0.3072039188,0.323464055,0.3271428803,0.3539512764,0.3266250415,0.2717953191,0.3038808286,0.2825122195,0.2511626092,0.2603793652,0.286272664,0.2518230501,0.2349740751,0.2404868935,0.2277426695,0.2136452996,0.2177811233,0.2008320138,0.2030851489,0.189648,0.1773280809,0.1760621069,0.1705940985,0.1587963482,0.1551995312
FJI,Fiji,0.338989417,0.3307147772,0.332916999,0.3494927207,0.3482474196,0.3451551862,0.3358020335,0.3486615263,0.3398013489,0.3237801841,0.3514884659,0.3621395093,0.3145904633,0.3388011133,0.3770072929,0.3464918905,0.3560366004,0.344250097,0.2934491176,0.2705793532,0.3319431727,0.2750553742,0.2677996686,0.2747524141,0.2325100425,0.2278586896,0.2219550023,0.2110062725,0.2143997855,0.2221087006,0.2085795037,0.242193123,0.2152379567,0.2099493435,0.2103288395
FLK,Falkland Islands,,,,,,,,,,,,,,,,,,,,,,,,,,,,,,,,,,,
FRA,France / Monaco,0.2357322699,0.2463599296,0.236292894,0.2273565938,0.2196379905,0.2190642254,0.2233848298,0.2123869571,0.2100263692,0.2003374844,0.1923340077,0.1902941048,0.1860667789,0.1855099043,0.1808440044,0.1777266069,0.1686618835,0.1628416846,0.1599439167,0.160049243,0.1598881495,0.1506952903,0.1510842522,0.1482925013,0.1365953709,0.13687814,0.136090632,0.1341215441,0.1281475956,0.1232554913,0.120469855,0.1209338902,0.1141547821,0.1059284168,0.101424266
FRO,Faroes,,,,,,,,,,,,,,,,,,,,,,,,,,,,,,,,,,,
GAB,Gabon,0.8692519417,0.7861448605,0.8647036221,0.8580546739,0.8098370147,0.8624094956,0.9376653505,0.8189322543,0.9199354521,0.9619140936,1.008897733,0.9901534929,0.9599555293,1.046126723,0.9612280189,0.8807989539,0.7806540389,0.6364112874,0.7079251888,0.6875936358,0.6590975323,0.6066140537,0.5732496178,0.5365437566,0.5188421632,0.520391306,0.5107903096,0.4669498397,0.4312981283,0.4582554261,0.4629394093,0.4354099097,0.4395281934,0.4637891842,0.4547313092
GBR,United Kingdom,0.3961876765,0.4058827542,0.3951936053,0.3754553336,0.3552717161,0.3452423508,0.3462543639,0.3210844011,0.3083460094,0.29400249,0.2819355527,0.2772558384,0.2654046676,0.2608516717,0.2528051669,0.2436836605,0.2362937815,0.2259302145,0.2191741244,0.2106169196,0.2110292267,0.1938862286,0.1978571511,0.1899382302,0.1711537409,0.1622645931,0.1515390251,0.1441984105,0.1396878821,0.1324778096,0.1339660211,0.1281638909,0.1181993251,0.1114032795,0.1063630159
GEO,Georgia,0.6580840195,0.6686711398,0.996322109,1.179770786,0.9537062834,0.7843204965,0.6396620326,0.5457520264,0.5017858539,0.4679399794,0.4831836296,0.3945656016,0.3767601747,0.3587708693,0.3486227815,0.3367597946,0.3252636117,0.3105857704,0.2819809351,0.3175146824,0.2850155333,0.2951494491,0.3007798589,0.3042139492,0.3071081697,0.3017326118,0.2989776735,0.285585523,0.267067605,0.2642547669,0.2764505322,0.2645774358,0.253171666,0.2341439457,0.213424631
GHA,Ghana,0.24422616,0.2370783692,0.2398581695,0.23542226,0.2358270538,0.2342738146,0.236177388,0.2328430848,0.2510984405,0.2551742777,0.2378437592,0.2377436387,0.2470313233,0.2303846742,0.2170163534,0.2139858502,0.2229746915,0.2196564641,0.2176775156,0.21813369,0.2139106907,0.2107114449,0.2127009388,0.2119590147,0.2073111793,0.211050366,0.2081950924,0.2136790131,0.2118077981,0.209863035,0.223486766,0.2165509869,0.2103541178,0.2035351734,0.1978162005
GIB,Gibraltar,0.2400045531,0.3356211573,0.3946649417,0.3913501186,0.4400620574,0.4178689731,0.4148448627,0.4024450428,0.4074104783,0.4082001023,0.4088161171,0.4064450259,0.4028793658,0.3957434804,0.4165562483,0.4206660042,0.4284685326,0.4111011859,0.4243181255,0.484283533,0.4778971728,0.4596713909,0.4649045486,0.4780906151,0.502655327,0.537885513,0.5115192878,0.4953892707,0.4955963558,0.4956039946,0.4768603771,0.480462593,0.4764034605,0.4717992974,0.4762831612
GIN,Guinea,0.5090862832,0.5186664121,0.4710551481,0.4701381845,0.4814093783,0.4760371687,0.5164891086,0.4527654105,0.4576610315,0.5026683954,0.5282400043,0.5227970768,0.5163330494,0.5322028783,0.5386213016,0.5431748227,0.5594714477,0.5425899076,0.5438370207,0.5723198277,0.615283184,0.5915246895,0.5777301023,0.5706697255,0.5686247864,0.5846430659,0.5600631329,0.525462139,0.5241143862,0.5372246968,0.541521617,0.5289233088,0.537302373,0.5087060312,0.4923315916
GLP,Guadeloupe,,,,,,,,,,,,,,,,,,,,,,,,,,,,,,,,,,,
GMB,The Gambia,0.3310780733,0.3445530386,0.3273671612,0.3214433763,0.334708601,0.3354996722,0.3330745144,0.3179918438,0.3157096267,0.3084060018,0.3224018222,0.303237558,0.319834321,0.3289784154,0.319378517,0.3349742838,0.3508365191,0.3479895639,0.3435020184,0.3566865633,0.345396312,0.3474457925,0.3295098838,0.3355656834,0.361651348,0.3642600404,0.3485856947,0.322828133,0.2768892268,0.2671553927,0.2569755848,0.2432898924,0.2406069076,0.2328952014,0.2221383414
GNB,Guinea-Bissau,0.8723370758,0.8674616911,0.8546019024,0.8532063939,0.8427199692,0.8328788207,0.7551277367,0.7074147908,0.9174884006,0.8207258143,0.8307727304,0.7795977619,0.7679570238,0.7947554444,0.7934775761,0.7652466734,0.7791961862,0.7965914449,0.7876296238,0.8119342801,0.8071616762,0.7462249026,0.7899592466,0.7871754107,0.742893595,0.7358293536,0.7136535717,0.6606690871,0.6596921205,0.6385166107,0.626767246,0.6038470834,0.5825315313,0.5582543563,0.5399349186
GNQ,Equatorial Guinea,0.3477734567,0.3653351317,0.274566263,0.2700858085,3.066090894,2.971880708,2.961416834,1.697004269,1.701830428,1.482220705,1.458051022,0.986635996,0.6490858243,0.6369029995,0.6371622403,0.525874796,0.5304054596,0.4924680921,0.3916899225,0.3263615874,0.3744456935,0.3528177477,0.3213494162,0.3158831293,0.3162956039,0.3533632572,0.3574637755,0.3387941845,0.3267120389,0.3253710683,0.3330558263,0.3142612242,0.2988137123,0.2751331139,0.2756621012
GRC,Greece,0.358134411,0.3465485168,0.3507448172,0.3563922376,0.3581025236,0.3654202002,0.3634070155,0.3545200799,0.3556560835,0.3497719874,0.3538294487,0.3403355942,0.326515154,0.3170241796,0.3010715673,0.3024890556,0.2764647998,0.2766344147,0.2667054433,0.2651946547,0.2651912332,0.286655885,0.2996577741,0.2841530605,0.2736033336,0.2695665982,0.2652768169,0.2627891073,0.250339379,0.2285078252,0.2216129095,0.2074111405,0.1991292733,0.184092095,0.1823024685
GRD,Grenada,0.1044911579,0.1035790629,0.1067506793,0.1170574912,0.1273672096,0.1177836198,0.1176602495,0.1373867857,0.1130276448,0.1072799352,0.08299897903,0.08580839194,0.08732047889,0.08500194629,0.08320492655,0.07715079971,0.0872690103,0.08854592993,0.09335737505,0.1049612234,0.1137615366,0.09472277361,0.09806482141,0.1144475861,0.09931615223,0.09776512984,0.1002958579,0.09656641728,0.1009774394,0.1198718297,0.1235538094,0.1223325023,0.119503868,0.1164588287,0.1159925744
GRL,Greenland,0.02883351798,0.02884054864,0.03042324018,0.03194415954,0.0300758754,0.02893500396,0.0284471841,0.02792856045,0.0258838116,0.02544863438,0.02346181604,0.02323749123,0.02340944441,0.02255180918,0.2362120109,0.2273555195,0.2198526524,0.2118593507,0.2046014165,0.1788438189,0.2024129699,0.2150674694,0.1710850209,0.1729995774,0.1495164989,0.1643954156,0.1560637151,0.1525457604,0.1529229029,0.152787226,0.1532457563,0.1561743667,0.1636735583,0.1609043109,0.1632000356
GTM,Guatemala,0.1908313606,0.1924471623,0.1991477478,0.2044589806,0.2013282201,0.2062301693,0.2001636709,0.1988031916,0.2094148857,0.2077808197,0.2109823796,0.2145526969,0.21675918,0.2102196496,0.2110003464,0.2152005887,0.2091729021,0.2047548109,0.1942671886,0.2030084834,0.1980205493,0.1940558842,0.1948256194,0.1984694618,0.2002263242,0.210331498,0.2139339151,0.2046394908,0.2099620734,0.2089209707,0.2053036405,0.2043058258,0.1913491998,0.1915262314,0.1867713647
GUF,French Guiana,,,,,,,,,,,,,,,,,,,,,,,,,,,,,,,,,,,
GUY,Guyana,0.6495343182,0.6466513675,0.6121253447,0.6010711333,0.6132282059,0.650296519,0.6158613419,0.6124591199,0.6128649847,0.6064708652,0.5723565812,0.5529891731,0.5237582723,0.5596977978,0.5421403562,0.5082396215,0.4567645114,0.4698830628,0.4721308756,0.4674249378,0.4756001637,0.4675216651,0.4696438201,0.4693524603,0.4917172233,0.4990875749,0.4885325517,0.4866520842,0.4728558477,0.479700576,0.4027758568,0.3383620239,0.2558009451,0.2107032597,0.1492364952
HKG,Hong Kong,0.2177208007,0.2250300632,0.2367671661,0.2276842143,0.1868741601,0.1845238092,0.1663427256,0.1518205756,0.1962817617,0.2043614625,0.1756223601,0.174129926,0.167666652,0.1755827311,0.1489347799,0.1458204221,0.1347478034,0.1321549941,0.12606504,0.1349147245,0.1190532347,0.120902413,0.1176934393,0.1177384644,0.1177660304,0.1078519756,0.1074963033,0.1017919681,0.09893465652,0.09970435473,0.08630984159,0.08195538694,0.08001535565,0.0818275816,0.08095753274
HND,Honduras,0.3903390772,0.4083195355,0.4003313487,0.3664571081,0.4008311896,0.3933249907,0.3989585789,0.3864455138,0.3913725285,0.3750393509,0.3642013185,0.3898528904,0.4139055382,0.4423222993,0.4468878583,0.3988459813,0.4028331086,0.4088306749,0.3991564131,0.4090579323,0.3957260907,0.40788189,0.4053136351,0.4019717477,0.3893848247,0.3947949611,0.3632072615,0.3379331317,0.3232675108,0.3380877146,0.359870889,0.3405883787,0.3340283579,0.3454222086,0.3418994016
HRV,Croatia,0.2936986782,0.2911775431,0.3010656009,0.3251711837,0.2954040998,0.2829189047,0.2762272966,0.274265161,0.2671154513,0.2802869727,0.2669878804,0.2697287517,0.2619518834,0.2621745621,0.2558909878,0.2458045987,0.2373540588,0.2376908397,0.2246479321,0.2264728528,0.2257503209,0.2236097966,0.2159003314,0.2127784641,0.2086067334,0.2090388977,0.2062707493,0.2048844281,0.191101114,0.1875113181,0.1999812339,0.1782724364,0.1652305606,0.1688143733,0.1628499377
HTI,Haiti,0.2679472269,0.2702208091,0.3008063304,0.3069501221,0.3281381176,0.3327128655,0.3315731763,0.3424451141,0.342778487,0.3407854591,0.3567995511,0.361681884,0.3693421434,0.3594274943,0.3622397436,0.3579974436,0.3571298538,0.3584708169,0.3527914568,0.3380220535,0.3794210599,0.3778619983,0.3760409123,0.3685254389,0.3667774787,0.3712761528,0.3728073376,0.3643114901,0.3648284978,0.3681414371,0.3721779211,0.3775629175,0.3845098121,0.3957295612,0.4181462969
HUN,Hungary,0.4364594013,0.4646204564,0.4262719143,0.4331034161,0.4197091334,0.408985274,0.4207442337,0.4017139115,0.3843177108,0.3756359438,0.3471102675,0.3418786982,0.3201650081,0.3194705994,0.30126756,0.2900687901,0.2759193178,0.2662510907,0.2558013932,0.2517881209,0.2518523833,0.244580554,0.2344749353,0.2207173153,0.2122570577,0.2142962591,0.2117174971,0.2123391519,0.2017653895,0.1925833495,0.1966299242,0.1867583257,0.1678922572,0.1574033951,0.1553238152
IDN,Indonesia,0.3780331867,0.3752706482,0.3702870745,0.3649678317,0.3559176439,0.3527139703,0.3453310287,0.3475178058,0.3989189162,0.4063413112,0.39206049,0.3953724169,0.3834189501,0.386005092,0.3752521206,0.3597928964,0.3602771933,0.3515846436,0.3331011377,0.3340576717,0.331719663,0.3555244784,0.3435065114,0.312169478,0.3132806473,0.2991361717,0.2842707554,0.2878253144,0.3029302755,0.3055691097,0.2958235013,0.2937953436,0.3177243437,0.322942092,0.3227010125
IND,India,0.710332317,0.7333410536,0.711632719,0.6946266476,0.6753204294,0.6539684131,0.6262579998,0.6225750799,0.5968050337,0.5702445616,0.5597866241,0.5409755412,0.5292088773,0.5036418645,0.4913556852,0.4711173003,0.4575391906,0.4524260367,0.4625183667,0.4476086536,0.43277169,0.4317356117,0.4350388775,0.4138577773,0.4078887685,0.3842036848,0.3595610104,0.3508949385,0.3427217727,0.3305717555,0.3334758493,0.3267254968,0.3233728005,0.3144549091,0.3069490682
IRL,Ireland,0.5668884219,0.5625051526,0.5453065253,0.5378235026,0.5211410464,0.4810971874,0.4590766463,0.4229350609,0.4052220192,0.3777359358,0.3636135534,0.3565887886,0.3319558447,0.3238571308,0.3026498487,0.2937029534,0.281313084,0.2621715111,0.2718055256,0.2679614763,0.2596498836,0.2396199379,0.2456636589,0.2371867146,0.2164514403,0.1778669866,0.1835399125,0.1646670319,0.147200067,0.1361162529,0.1224064987,0.1089651418,0.09840256712,0.09845422064,0.0961705598
IRN,Iran,0.6272644556,0.6315823638,0.6505023483,0.6577071597,0.7347857757,0.7188327409,0.7042367041,0.7155970614,0.6789503774,0.7035031533,0.7058209936,0.6968406208,0.6651154293,0.6662150127,0.6688327294,0.6938293622,0.7080374412,0.6771992439,0.6903048665,0.7025894971,0.6727647527,0.662735722,0.6797910766,0.7083829552,0.6866251488,0.6905516548,0.6702306417,0.6749113733,0.6793841448,0.7292736531,0.72047614,0.7365220117,0.721199123,0.7144661077,0.7069882487
IRQ,Iraq,0.9098334754,1.15531284,1.184819161,1.16354206,1.218175188,1.19360324,1.000991614,1.059219635,0.7035471251,0.5575097529,0.5410399986,0.5754305974,0.58640111,0.829070389,0.6068132735,0.5746391175,0.5427321138,0.5011659897,0.5142166176,0.543367667,0.57388441,0.5672095759,0.5635978321,0.5483519113,0.5365650655,0.5434961993,0.5634977048,0.5992548202,0.6141059725,0.6140282258,0.6397292749,0.6598015884,0.6742497321,0.6808692962,0.6921606803
ISL,Iceland,0.4317243337,0.4301976694,0.3355432638,0.3431466508,0.3440949885,0.3262654587,0.3397659371,0.3156270909,0.3065181135,0.2992847768,0.2931508922,0.2897860608,0.3020861459,0.2938811082,0.2780499865,0.2566138654,0.2519085497,0.2511597904,0.2609895339,0.2835277352,0.2880135843,0.2750998528,0.2718665024,0.2621380079,0.2443711196,0.2438506568,0.2065984601,0.2051161401,0.1941502323,0.1846828901,0.1934801579,0.1856278915,0.1719877178,0.1606886773,0.1612311041
ISR,"Israel and Palestine, State of",0.355129608,0.3357064886,0.3319535882,0.3468189413,0.3261948799,0.3256174085,0.3267649317,0.3234555559,0.3145346081,0.3113429522,0.3106697842,0.3120597224,0.3294427751,0.3308593805,0.3127513011,0.2903670989,0.2885432885,0.2812288082,0.2769802031,0.2670789427,0.2717022014,0.2569791176,0.2706140399,0.2353154372,0.220253827,0.2244176186,0.2151875352,0.206743972,0.1911038853,0.1902369507,0.187087416,0.1705198852,0.1675070175,0.1594496137,0.1622713132
ITA,"Italy, San Marino and the Holy See",0.208580114,0.2043181761,0.2017162262,0.2008172248,0.1947856792,0.1993703441,0.195147662,0.1929057677,0.1929625855,0.192307163,0.1875563919,0.1832484992,0.1859178762,0.1928082949,0.1936108406,0.1927190891,0.1855237093,0.1807421248,0.1777503395,0.1700969656,0.1712922818,0.1665633046,0.165585398,0.1566380418,0.149874675,0.1520351514,0.1486857901,0.1452823943,0.1426531518,0.139219879,0.1387275861,0.1386891079,0.1320253182,0.1215951438,0.1183781009
JAM,Jamaica,0.4446149345,0.4229598629,0.451193061,0.4185860881,0.4149259014,0.4190032615,0.4328409136,0.4453152792,0.4771494393,0.4841003229,0.4826266478,0.4789107635,0.4678674134,0.4649429947,0.4575592007,0.4525849233,0.4901645184,0.4796758269,0.3981447275,0.3476541364,0.3382106114,0.3302114257,0.3105884221,0.3263107654,0.3145872132,0.3071750549,0.3219541618,0.3081123414,0.3515445568,0.3387605667,0.277868778,0.2866664673,0.3092894988,0.3081860311,0.3238050021
JOR,Jordan,0.4409273139,0.4452254184,0.456095332,0.4539107889,0.4475966959,0.4475732688,0.447601234,0.4472887938,0.4420010849,0.4311534597,0.4523179958,0.4346035043,0.4299977079,0.4259029427,0.4212684923,0.4174237755,0.3920307132,0.3782237593,0.3483647932,0.3383924745,0.3271134868,0.3281767948,0.3654911942,0.3529931702,0.3654963636,0.357047657,0.3520005622,0.3596687182,0.3425626111,0.3218036927,0.3060059845,0.3080810005,0.3196179876,0.3205570935,0.3169095311
JPN,Japan,0.2975282157,0.2906021758,0.2903658773,0.2908288004,0.3015325164,0.2978474129,0.2919705863,0.2854873221,0.2778527302,0.2852354917,0.2784733302,0.2730917474,0.278689261,0.2753605485,0.2677571152,0.2647682521,0.2555655072,0.2581618561,0.2473754828,0.2486559953,0.2508073798,0.2602989215,0.2639571877,0.2617967806,0.2516204136,0.240095612,0.2376718177,0.2310578477,0.2205971945,0.2145220724,0.212050418,0.2102598305,0.2029982807,0.1915923504,0.1860617143
KAZ,Kazakhstan,1.184995926,1.355358722,1.449178238,1.390436534,1.417483341,1.337262022,1.168067526,0.9987291508,1.015622772,0.9072892038,0.8593073703,0.7547778617,0.7513490965,0.7601808408,0.7425605394,0.7224773748,0.7250359064,0.6940797266,0.7535830208,0.6857138338,0.6846142394,0.6866641725,0.6458678429,0.6424219464,0.540190011,0.4706985621,0.4932644208,0.4988493264,0.4879591311,0.4504596588,0.4751888301,0.4852551375,0.4810657994,0.4632933327,0.4470363356
KEN,Kenya,0.4021363896,0.3876414324,0.3949614815,0.3976495829,0.3929729814,0.3824265628,0.3594134269,0.3569611204,0.3543182403,0.3706332456,0.3595025626,0.3541813143,0.3722006845,0.3723730803,0.3879197019,0.3843559146,0.3523530878,0.4562347914,0.4854061404,0.4635434501,0.449432684,0.4319144293,0.4047004153,0.3896134871,0.380940572,0.3727294735,0.385112693,0.358745212,0.351042032,0.3671370806,0.4111462813,0.3595553055,0.3529431749,0.3198058684,0.3128844402
KGZ,Kyrgyzstan,1.24655852,1.242968437,1.066219781,1.016856148,0.9577370887,0.7765282261,0.7805672347,0.7337009363,0.7412759219,0.6467699149,0.6115007539,0.5369429236,0.5950539392,0.5901157968,0.5487910292,0.5542501085,0.5418829303,0.5556906013,0.5661438573,0.5462146852,0.5385456074,0.5806479682,0.658734537,0.591051916,0.5957786131,0.5874560195,0.5562445103,0.5409666432,0.5769699338,0.5290753691,0.5476273137,0.5554184438,0.5126161248,0.4651703846,0.4394100048
KHM,Cambodia,0.7469917647,0.6928662961,0.6635931339,0.6570219939,0.9721622557,1.134301164,1.07889483,1.056122249,1.017900218,0.9354056039,0.8538193181,0.8166216595,0.7643388308,0.7586876686,0.6787614525,0.6726649085,0.6412807341,0.6087130636,0.5850472653,0.5917372879,0.5754983512,0.5566012783,0.5148519934,0.4770550721,0.4613131739,0.4531192269,0.4521433783,0.439875583,0.4131870225,0.4139840854,0.4580858174,0.457415192,0.4239991636,0.4198752944,0.4029380952
KIR,Kiribati,0.1995554578,0.2143117339,0.1821959654,0.1846831194,0.1848047701,0.1716516098,0.1747369972,0.1771741706,0.1744253023,0.1830573577,0.2372184195,0.2313875127,0.2982700757,0.3119457349,0.3237409074,0.3942519516,0.3950867058,0.3668082875,0.4122007864,0.3643950111,0.3757347256,0.3483550298,0.3272244268,0.3215350954,0.3213362066,0.296683253,0.2964551992,0.2911236414,0.3026495198,0.2959985244,0.2961704919,0.2933908777,0.2711566931,0.2661522477,0.2629006522
KNA,Saint Kitts and Nevis,0.1034100515,0.1176553516,0.1150745467,0.1156816957,0.119744916,0.1046478608,0.1074646862,0.1049473665,0.1062965088,0.1033830022,0.1049133181,0.1012815764,0.1079931854,0.1151391314,0.1175479245,0.1015677963,0.1039093015,0.1112321851,0.1044882113,0.1169205807,0.1241347247,0.1041287188,0.0995143606,0.1031640158,0.100041366,0.1035774468,0.1064923676,0.1009367155,0.1046473887,0.1152890524,0.1279980015,0.1298461125,0.13267729,0.123826854,0.1261707985
KOR,South Korea,0.5248552731,0.5274998837,0.5408301196,0.5403747761,0.5323412508,0.5219886552,0.5184068473,0.5153448577,0.4685687597,0.4588222187,0.4491128321,0.4341049239,0.415633707,0.4072923255,0.3998294731,0.3810987835,0.3672555057,0.359366433,0.3559944802,0.3559490455,0.3664357142,0.3707117249,0.3616163532,0.3492301828,0.3334527236,0.3299003595,0.3226666662,0.3208998076,0.318732244,0.3012209551,0.289249314,0.2869475013,0.2701542935,0.2570393215,0.2512348056
KWT,Kuwait,0.7707124432,1.185217622,0.6495773199,0.6784778047,0.7097299912,0.6568445841,0.6573205732,0.6834888816,0.6702242648,0.7014266477,0.7565520176,0.7690719746,0.7739274268,0.7333678141,0.6959846338,0.6963933015,0.666377734,0.6092757154,0.618089975,0.6561494195,0.683807495,0.6669496014,0.6407549332,0.6424816495,0.6332702361,0.6493242228,0.6537414616,0.6753207337,0.6736357425,0.6519874428,0.6630659699,0.6899138861,0.6768975074,0.7240163778,0.7690537445
LAO,Laos,0.7830490287,0.7534685433,0.7526198782,0.7194498274,0.7031316063,0.6640561137,0.6420435671,0.618187073,0.5714238432,0.5275323808,0.564964631,0.5557576805,0.5432186972,0.5278853183,0.5256013984,0.4829687096,0.4686208879,0.4607494485,0.44694278,0.4499574562,0.4415933194,0.4089667684,0.4058480673,0.3919057547,0.3852426947,0.4687805602,0.5952302153,0.6213632382,0.5975148037,0.5640110149,0.5706819137,0.6285394612,0.6223976999,0.6416017673,0.620780441
LBN,Lebanon,0.4033777359,0.3262539412,0.3004663949,0.367565873,0.3691479688,0.3974188953,0.3713919491,0.4000150849,0.3855823074,0.3988653514,0.3627363023,0.3766464692,0.366292045,0.3593838419,0.3438347818,0.3349942186,0.3242597581,0.2796830773,0.3034284413,0.3174838864,0.2840025525,0.2879715495,0.3112474183,0.2980995588,0.3127297402,0.3343447386,0.3417916805,0.3558249055,0.3459638536,0.3698801114,0.4014274928,0.3581842488,0.2686773919,0.2806689987,0.3104709741
LBR,Liberia,0.4357723712,0.4456547936,0.6379270015,0.8812912501,1.094954069,1.169361764,1.122166264,0.5932636922,0.5064536863,0.4596598429,0.4002925039,0.3960747323,0.3902076705,0.5793448235,0.5893602022,0.6133209216,0.6266054152,0.552724016,0.5172729868,0.5209385569,0.543667918,0.5273899206,0.5085140411,0.4679910367,0.5141108227,0.5370113704,0.5735341012,0.5381892171,0.4677858972,0.5452807441,0.5460544956,0.5200996668,0.5147875028,0.4968076024,0.4790538725
LBY,Libya,1.080474022,0.9088946607,0.8749893994,0.8649543318,1.028648912,1.166942376,1.192560571,0.9989201759,0.9913676345,0.9639658951,0.9745863156,0.954701265,0.9665533069,0.9498770765,0.8965891822,0.8638195151,0.7980624706,0.7034347346,0.7361742428,0.7675393933,0.7731993798,0.9186006096,0.7821801194,0.8684619261,1.00107449,0.9005731529,0.868753256,0.7895157615,0.7890957848,0.9197616605,0.9169507925,1.026785909,1.086860194,1.074489951,1.083787728
LCA,Saint Lucia,0.06297599117,0.06266058368,0.05812061141,0.0571939455,0.06205530414,0.06290433639,0.06207495657,0.06534357964,0.06484065141,0.06738215146,0.07159439308,0.07604640458,0.07321940103,0.07488754392,0.06841334101,0.0699435775,0.06918575909,0.07109799858,0.07047931727,0.07576450504,0.08109949154,0.06751730727,0.06997465334,0.07756294873,0.08107256042,0.08288191962,0.08444333758,0.08354737386,0.0973764677,0.1080204952,0.1385006444,0.1260246431,0.109559196,0.1082359347,0.1075800338
LKA,Sri Lanka,0.2134032137,0.1982654034,0.2071775469,0.1958408854,0.1978796533,0.187682504,0.2003352868,0.1885182236,0.1744810442,0.1796446591,0.1810425172,0.1813288276,0.1794714903,0.178733511,0.1701499238,0.1725103714,0.1531234146,0.147884484,0.1406943756,0.1312696192,0.129325125,0.1285651309,0.126896812,0.1111219605,0.112177102,0.1190064502,0.1230262047,0.1110740569,0.1078680243,0.1137574019,0.1178877113,0.1137030246,0.1161229023,0.1225839897,0.1233097249
LSO,Lesotho,0.8270523535,0.7888405695,0.7929315678,0.7532405263,0.6940126909,0.6578062871,0.5995738464,0.5999420205,0.5241477544,0.6790514792,0.6890832566,0.6686436992,0.630275481,0.611349742,0.5996189427,0.6178159814,0.5836213856,0.5884560232,0.5309322342,0.5571958014,0.5303257908,0.5135431817,0.4936916215,0.4688966999,0.4622890502,0.4429507129,0.4331154343,0.4804933394,0.4713656308,0.4589203301,0.4397890935,0.4554856989,0.4940971348,0.5118104364,0.4961459469
LTU,Lithuania,0.6385663118,0.6985714233,0.5838940263,0.5625353769,0.5865420602,0.5420466765,0.5271348687,0.4777414399,0.4624139686,0.41279683,0.3699744556,0.3590186931,0.3445012098,0.3127308441,0.3054824669,0.2963730984,0.2793187149,0.273481029,0.2713412715,0.2811889507,0.2908879066,0.2836184175,0.2751862108,0.2485777002,0.2399823764,0.2409707274,0.2322313835,0.2259395842,0.2114692531,0.2036841404,0.2018911746,0.1885257104,0.1688103537,0.1627710449,0.1581590428
LUX,Luxembourg,0.4157536834,0.3977409004,0.3824926051,0.3732389935,0.3343750081,0.2661557174,0.2644225396,0.2356704393,0.2035282752,0.1966524102,0.1964265749,0.2011636906,0.2077691344,0.2100186679,0.2266810243,0.2251372419,0.2091910013,0.1847517692,0.1835653645,0.1804030385,0.1831718948,0.179145513,0.1727532823,0.1599211626,0.1490215702,0.1389458415,0.1290104969,0.1293372404,0.1314732974,0.1295417833,0.1090094688,0.1064379668,0.09461786079,0.09132494158,0.09270808825
LVA,Latvia,0.5907633634,0.6329890719,0.7849064504,0.7024245901,0.5694202416,0.5132940069,0.5009908849,0.4408420022,0.3966590453,0.3660265488,0.3221109496,0.3189908797,0.2977335529,0.2816488436,0.2607197119,0.2364096229,0.2196343932,0.2055697841,0.206408416,0.2314896481,0.2614744183,0.2426866149,0.2248141394,0.2158874107,0.2094128031,0.2062542167,0.2008762966,0.1921995113,0.192903443,0.1897251929,0.1873871025,0.1789598582,0.1669597935,0.1606024078,0.1605482569
MAC,Macao,0.0541178483,0.05353323985,0.05331505289,0.05607173278,0.05868210321,0.05155117734,0.05949373681,0.06337086444,0.07296228794,0.07869500646,0.06304326649,0.06563452126,0.06600314171,0.06071403719,0.05539512805,0.05155445523,0.04523197728,0.03756632759,0.0302798535,0.03167991949,0.02563394192,0.02073958293,0.01959414352,0.01836559399,0.02149026354,0.03599371496,0.03456446196,0.03442782617,0.02402053575,0.02602488936,0.05658292807,0.04211803317,0.04328184772,0.02475720663,0.02347791829
MAR,Morocco,0.3915834953,0.3732953947,0.3948792585,0.3961133542,0.3814612126,0.4141833183,0.3719278484,0.3963576088,0.3770502551,0.3872892893,0.3872095176,0.3838089516,0.3795968737,0.360666188,0.3772928209,0.3768219514,0.3566268479,0.3492170707,0.3482224682,0.3358239245,0.340573512,0.3443023092,0.3448545837,0.3346431181,0.3313852546,0.3255643654,0.3251971547,0.3225399463,0.3194074128,0.3343852836,0.3485899099,0.3425876409,0.3372483708,0.3190729583,0.3103008705
MDA,Moldova,0.7901523884,0.7777368856,0.8984624593,0.7766196533,0.9650373845,0.8714320356,0.8210442548,0.7335980066,0.7122398645,0.6469407664,0.5918186557,0.5685747624,0.539439099,0.5347370487,0.4980743521,0.4773522171,0.4479457572,0.429573734,0.3868899065,0.4043604774,0.4165510307,0.4007255342,0.3901611576,0.3399457511,0.3406097468,0.3503901141,0.3429710166,0.3299765946,0.3354879148,0.3258335241,0.346619374,0.3246130081,0.2999667427,0.2964455809,0.2951651367
MDG,Madagascar,0.9643271163,1.032516853,1.037069829,1.03880228,1.024798786,1.033252506,1.018071414,0.9902648489,0.9675894937,0.9349475635,0.9008680005,0.7888702459,0.8296506023,0.7970903223,0.7800049342,0.8291979726,0.7955445017,0.7707092465,0.7387933686,0.7868445548,0.7998941106,0.788940626,0.8007382653,0.7623721249,0.7751002449,0.760221825,0.7302040474,0.7115141702,0.6583033056,0.6691232335,0.7120963328,0.7173364127,0.7063571261,0.7024128149,0.6756964621
MDV,Maldives,0.06714667013,0.06820432906,0.06898267375,0.07435964141,0.1301108757,0.1382049698,0.1305752801,0.109399221,0.1139813614,0.1076860157,0.1793733568,0.1671396968,0.1869052864,0.1438034999,0.1709370271,0.1800802753,0.1761249181,0.1727763098,0.1725467813,0.1940337574,0.194459395,0.1932635789,0.2349847683,0.2454531341,0.3034522807,0.2159668071,0.2208204945,0.1926180112,0.1550508789,0.1581173644,0.1928984103,0.1901016374,0.1777407131,0.1704831679,0.1698522917
MEX,Mexico,0.3097569463,0.3100705831,0.3010674355,0.3013953619,0.3048158151,0.3116456992,0.3055633874,0.2997936163,0.2966084087,0.2818497343,0.2804732806,0.2799480727,0.2837018643,0.2923181829,0.2868198111,0.2911488119,0.2874048096,0.2862186209,0.2863732709,0.2993658274,0.2920315184,0.2871992626,0.2838051884,0.2780300779,0.2666773545,0.263171453,0.2621297469,0.2588994418,0.2463382181,0.2535674312,0.2558919533,0.2473893545,0.2399898747,0.2412589323,0.2381925677
MKD,North Macedonia,0.5393005604,0.5149495201,0.4943851297,0.5437616255,0.5428763026,0.5425723479,0.6111139807,0.5487603327,0.5688414045,0.5054693651,0.4693110202,0.4889366504,0.4587001521,0.4801025919,0.4650832178,0.4613284551,0.4282317917,0.4275804689,0.400476846,0.3672857712,0.3604000026,0.3877216808,0.3705897942,0.333679184,0.309885184,0.2870537291,0.2712329145,0.2801569425,0.2605866374,0.2776132406,0.2643275103,0.2513429656,0.2587441344,0.2477074629,0.2237970039
MLI,Mali,0.807823909,0.7248523209,0.7473284817,0.7338696284,0.7263745519,0.741134759,0.7129785671,0.687074915,0.6765580575,0.6716791066,0.7128330678,0.6463243451,0.6715264995,0.6461292121,0.6638291481,0.646105757,0.6128795883,0.6300408514,0.6244313956,0.6286303541,0.6167622225,0.6167110387,0.6453968152,0.6661895564,0.6418262737,0.6448158495,0.6721188603,0.6865469716,0.6850246505,0.6648509568,0.7005879382,0.7186544146,0.686810882,0.686907634,0.6776800044
MLT,Malta,0.3911302146,0.3542879849,0.3344074527,0.4069431095,0.3481235035,0.3121286969,0.2951128856,0.2975042067,0.2735371466,0.2657809796,0.1994476034,0.2322298055,0.212031393,0.2281944463,0.2271451076,0.2250721131,0.2243057357,0.219018231,0.2111165093,0.1981107356,0.1897823861,0.1872383497,0.1908215284,0.160244603,0.149143711,0.1029826566,0.08570497771,0.08369371033,0.0779014374,0.07869350812,0.07933684196,0.0702688699,0.07282872185,0.06789555081,0.06460147172
MMR,Myanmar/Burma,2.04795499,2.021325205,1.963828055,1.940714002,1.897803747,1.848772604,1.734999357,1.609030226,1.557682156,1.521724698,1.387500719,1.256234192,1.146046438,1.07664261,0.9823321987,0.9147365626,0.8462358081,0.7715576138,0.6915215288,0.6296296506,0.584976858,0.5433196816,0.5152356859,0.4895074562,0.4745831956,0.457684704,0.4507501167,0.4769520283,0.3756726423,0.3521053231,0.3915555844,0.4386925844,0.4209657684,0.4071836639,0.4102335989
MNG,Mongolia,2.148472492,2.586036143,2.652626002,2.622772256,2.394625311,2.320202559,2.165792319,2.106673271,2.093701412,2.081238761,2.110786404,1.894916378,1.66911342,1.518792609,1.369875354,1.51697784,1.55836888,1.534434789,1.448977318,1.60772909,1.630606814,1.573270937,1.436896819,1.351641095,1.330881542,1.251417058,1.415435795,1.496109543,1.453703194,1.474769663,1.416954401,1.417047722,1.421060816,1.659446711,1.762126422
MOZ,Mozambique,1.201237081,1.102103578,1.237961451,1.138497453,1.110428445,1.116788901,1.028248705,0.7916224101,0.8910149148,0.7606023879,0.8133669018,0.7706521388,0.7326503897,0.754304204,0.7331137565,0.7126483178,0.6359116488,0.6176135836,0.5669131339,0.5202631855,0.5083134891,0.6338864882,0.6744716228,0.6713135653,0.6618378277,0.6113807562,0.6423621478,0.683302044,0.7280745623,0.6604098905,0.6187821648,0.6738800179,0.7399812458,0.6749651094,0.6493210379
MRT,Mauritania,0.6185606029,0.6423077017,0.7402594104,0.709573371,0.7294230969,0.6762126475,0.6654521272,0.7250120113,0.7351314864,0.7615947504,0.7011812715,0.7359118568,0.7576660744,0.7282093679,0.6947605654,0.6548931664,0.5878584002,0.5869902436,0.5778200322,0.6063727308,0.6048400037,0.6012913058,0.602170452,0.5814918543,0.5904558231,0.576586839,0.5656022539,0.5837364225,0.587514725,0.5859963636,0.6008753212,0.5921499571,0.5800055171,0.546627251,0.5326742494
MTQ,Martinique,,,,,,,,,,,,,,,,,,,,,,,,,,,,,,,,,,,
MUS,Mauritius,0.1945627928,0.1942628567,0.1901215301,0.1928984446,0.1896183035,0.1872999716,0.1842112686,0.1755589695,0.1783597632,0.2022227811,0.2049674979,0.2076347284,0.2038277228,0.197339682,0.1918911108,0.1969929246,0.226448404,0.2206803083,0.2150401419,0.2081104138,0.2117579789,0.2045703957,0.2020631803,0.2011641064,0.2015788535,0.1943379025,0.1910366696,0.1921102621,0.1847001618,0.1825043197,0.1987635801,0.2028975535,0.1911184768,0.1924032338,0.1880827086
MWI,Malawi,0.587530097,0.5618265431,0.6245687166,0.5687457377,0.6344971317,0.5505173956,0.5286831712,0.5233536299,0.5419021812,0.5456589022,0.5805001637,0.6069685571,0.5975777943,0.5792687964,0.5526949035,0.5739500967,0.5755159749,0.5597537062,0.5487733346,0.5140564041,0.5138790379,0.5585336528,0.5613376147,0.5206633487,0.5045894231,0.5029972845,0.5059115231,0.517408987,0.5336551745,0.5519196391,0.5442826018,0.5520620357,0.5459151845,0.5275698179,0.5371519959
MYS,Malaysia,0.4002261952,0.4129285474,0.3976121903,0.3649077335,0.3625864877,0.3372528644,0.3461878449,0.3552338845,0.3692999908,0.3717689546,0.3708506326,0.3879827109,0.3884967409,0.3948194977,0.3988283433,0.4011024029,0.3936808493,0.399537814,0.4005790341,0.3793240971,0.3754862859,0.3596569514,0.3432448214,0.3512195474,0.3491299728,0.3353782308,0.3170559338,0.287240105,0.2903054098,0.2790974404,0.2918969045,0.2868857114,0.2809942902,0.2762272722,0.2741742376
NAM,Namibia,0.6614371449,0.6185128624,0.5768050552,0.5924738722,0.5831671624,0.5701593625,0.5672590119,0.5637996658,0.5696449497,0.5662491755,0.6118653243,0.6188871176,0.5579830228,0.5518079085,0.4996631898,0.5852291067,0.4774828533,0.45244219,0.4768874338,0.482327162,0.4224631955,0.4187161511,0.4501705394,0.3915646197,0.3924948777,0.3851378176,0.4274462253,0.4116790716,0.4012270727,0.410826048,0.4223678271,0.4446832538,0.4265899867,0.4623973784,0.45619065
NCL,New Caledonia,0.3738257471,0.3842209597,0.3857535541,0.3911804933,0.3925267819,0.3437210464,0.3779760694,0.3474373125,0.3505333648,0.32628669,0.3961319114,0.3952486994,0.4244668885,0.443964138,0.387191677,0.4066118572,0.3844911636,0.3784843388,0.3648472257,0.3576385506,0.4252906021,0.4098699723,0.4071905047,0.4386794913,0.5208193801,0.4960084457,0.5183940565,0.4617670672,0.6156376535,0.6188562701,0.6890712447,0.594607133,0.5359082911,0.5211142433,0.534708809
NER,Niger,0.9179406784,0.9578673952,0.9752526722,1.029593523,1.042063154,1.060021328,1.111339705,1.153505476,1.096755443,1.142314595,1.182694956,1.153440618,1.147712204,1.174053523,1.221467541,1.180865289,1.154310904,1.165372015,1.126535811,1.155473499,1.05426419,1.065375535,1.034444813,1.033533749,1.015271356,1.008309515,0.9971009848,0.9867539823,0.9633941896,0.9597623467,0.9706249047,1.008838887,0.9513486063,0.9066370275,0.8440018843
NGA,Nigeria,0.7356104178,0.7740110444,0.8041597707,0.8307539087,0.9124992421,1.002170085,1.118476619,1.018817984,0.9115928403,0.8737649811,0.9133906986,0.8760250951,0.6551420918,0.6769732041,0.6042183069,0.5544437313,0.4817410517,0.4166070491,0.3969397697,0.3475392685,0.3465576656,0.3510727995,0.338352439,0.3207413599,0.3117908068,0.3000357243,0.2999365707,0.2955808357,0.3004027339,0.3054103939,0.2881889348,0.2855994089,0.270167316,0.2650139334,0.2659290839
NIC,Nicaragua,0.5132332546,0.4506275392,0.4987059241,0.5368693416,0.5388046543,0.4829902298,0.4560249631,0.4704013335,0.4712290652,0.483361595,0.4814395637,0.4774462675,0.4846961472,0.5010184669,0.4737259543,0.4552153513,0.4573815964,0.4438352432,0.424635235,0.4411642897,0.4341859349,0.4362612622,0.4220859769,0.4053306977,0.4046404695,0.4147054185,0.4019794541,0.3849472056,0.3866679667,0.4087712573,0.4161484336,0.3898319613,0.3818839452,0.3706683695,0.3615598282
NLD,Netherlands,0.3470930028,0.3470005674,0.3395477963,0.3402735492,0.3332707248,0.3275623325,0.3316915312,0.3056432067,0.2919739015,0.2658177121,0.2532011561,0.2463301522,0.2442724884,0.2468180358,0.2444961165,0.2331555379,0.221323403,0.2131646461,0.2044543936,0.20641777,0.2151028591,0.1987548394,0.1979261447,0.1958427024,0.184989829,0.1885932526,0.1851793091,0.1766585717,0.1668043276,0.1586489175,0.150574123,0.1443808605,0.1269567216,0.1183179065,0.1136568623
NOR,Norway,0.2285159352,0.2075444924,0.1992115498,0.2036799371,0.2026243858,0.1928686445,0.1851877456,0.1842354126,0.1839695521,0.1852379732,0.1655059048,0.1647110588,0.1596766735,0.1685464046,0.1638993892,0.1530464591,0.1515427951,0.150450767,0.1538052082,0.1492620216,0.1557196051,0.1502730411,0.145139583,0.1455734457,0.1421646121,0.1416874854,0.1385433342,0.1347284152,0.131740019,0.1269314758,0.1248665467,0.1219917447,0.1160275375,0.1115506421,0.1058932556
NPL,Nepal,0.6541785093,0.6084818917,0.6064207967,0.5821412742,0.5736880428,0.5735069521,0.5530736509,0.5373966728,0.5331598215,0.5289805839,0.5029187873,0.4897642928,0.4823929355,0.4804313811,0.4529329267,0.447905797,0.4252011805,0.425257799,0.4120816641,0.4105625871,0.4084462872,0.4108640243,0.3992295463,0.3997323751,0.3847767718,0.3686571459,0.4111632181,0.3982754885,0.3897298294,0.3561227337,0.3897564502,0.3787912022,0.3393784387,0.291758544,0.2786305867
NZL,New Zealand,0.7026125514,0.7137200708,0.7177436984,0.6803607656,0.6664789037,0.648821063,0.6317687625,0.6359961438,0.6156589458,0.6005804481,0.5901447884,0.5877843687,0.5725319395,0.5562352018,0.5341369085,0.5193645709,0.5079408347,0.4859406817,0.4893301213,0.4767598725,0.4722370064,0.4593486421,0.4630226485,0.4460845713,0.436638326,0.4158110829,0.3983567112,0.3906142507,0.3730633927,0.3701051749,0.3569539353,0.3402776137,0.3154120901,0.3037880658,0.3038153362
OMN,Oman,0.5631136787,0.6464345458,0.5765237003,0.5292312088,0.4982403565,0.5109109723,0.5195427431,0.5300260737,0.4963709809,0.5463561723,0.5420240533,0.5565480119,0.5874019021,0.6512521408,0.6215339774,0.6084483297,0.64451569,0.6292981636,0.5729308482,0.5564572979,0.5750833665,0.6254484898,0.6339503358,0.6315653883,0.6532852693,0.6555915444,0.6375925185,0.6378868837,0.6494842685,0.663804729,0.6668953433,0.6860583294,0.6780788975,0.6840671325,0.6832185186
PAK,Pakistan,0.508190683,0.4886805612,0.4798450528,0.5000127617,0.4933396691,0.4945973831,0.4915598156,0.4996426419,0.4980404991,0.5056243665,0.4960467941,0.4844458122,0.4811587229,0.4744246419,0.4702424314,0.4500293256,0.4535776924,0.4628315362,0.4551676254,0.4527254044,0.4381357699,0.4365221222,0.4283528902,0.4259894417,0.425837264,0.4196368115,0.4220660132,0.4247765936,0.3968826396,0.3895006798,0.423674795,0.4099697554,0.3992226939,0.3879079655,0.381119392
PAN,Panama,0.2469619408,0.2419225279,0.2456567146,0.2371462345,0.2398962324,0.2451939787,0.2617307125,0.2441290091,0.256949366,0.2267004245,0.2210078967,0.2528014591,0.2307839915,0.2214580915,0.2048383709,0.2216730783,0.2091301275,0.1839705887,0.1668479275,0.1833729313,0.1799193531,0.1723185484,0.1617159393,0.1510265519,0.1475229011,0.1382577748,0.1336941025,0.1227380673,0.1176992144,0.1375630206,0.138407553,0.1278297132,0.1213206784,0.1219018125,0.1167939947
PER,Peru,0.3125004588,0.29915334,0.3065624958,0.3031207348,0.2754409103,0.2818809746,0.2900220531,0.2717623138,0.2732688233,0.282354419,0.2771247871,0.2617975665,0.2557583529,0.2456852846,0.2508085085,0.2393391077,0.2209995602,0.214375301,0.2124479557,0.2210502043,0.21611462,0.2135869603,0.2016349768,0.1954389267,0.1977135728,0.1958905575,0.1936396045,0.1847337873,0.1778622727,0.1818788126,0.1793202828,0.1845659564,0.1874358994,0.1913316503,0.1936585708
PHL,Philippines,0.3249824896,0.32460444,0.3335333642,0.3425743669,0.3475677231,0.3699047924,0.3672575321,0.3754822115,0.361218343,0.3625225153,0.3517601964,0.3383829588,0.3335595478,0.3247109791,0.3119331207,0.3058276438,0.2755446607,0.2748634577,0.2668706686,0.267266587,0.2592038952,0.2513520842,0.2430545164,0.2419123836,0.2378117285,0.2353380062,0.2334484403,0.2379096733,0.2299015273,0.2245809013,0.2375779257,0.2351839108,0.2250908472,0.2238121936,0.221797175
PLW,Palau,8.607419038,8.143917665,7.958770351,9.287525357,12.95368197,9.164167205,7.811280325,8.56277784,7.58593981,8.554543559,7.567414939,7.873212368,4.558429231,5.59913697,4.792284199,5.349675553,5.237938342,4.180327038,4.476427937,7.441911043,7.250687865,7.711964648,11.49615243,5.99236217,4.02132987,3.522427402,3.38953402,3.663223643,3.750944249,3.859160115,4.134932221,4.988446679,5.321441776,5.221084528,5.11242782
PNG,Papua New Guinea,0.395152246,0.3708773261,0.3541515165,0.3068079209,0.2892316282,0.3012160752,0.2857639876,0.2944338118,0.4852332198,0.3267293146,0.384060943,0.3886954342,0.4287410361,0.4322072737,0.4472064629,0.4875739666,0.4890694471,0.4167610369,0.4428578764,0.3465138665,0.2755822055,0.2814648902,0.2618590139,0.2659745831,0.2815514909,0.2926799495,0.2957128548,0.2642582289,0.2369166047,0.2338972952,0.252957816,0.2530686799,0.2477291143,0.2440041206,0.2373773915
POL,Poland,1.050793686,1.106120459,1.049409112,1.003373848,0.9389092416,0.8708079171,0.8437948329,0.7763484328,0.68252696,0.6309242485,0.5801027087,0.5653426945,0.5441860288,0.5408373709,0.5143465528,0.4980054445,0.4841215311,0.4504388635,0.4225159017,0.3954104621,0.4015559526,0.3783202916,0.3675872963,0.3597336493,0.3342555518,0.3221461376,0.321959038,0.3164241069,0.2969989317,0.2708748898,0.2645100043,0.2654957968,0.2408484279,0.2211349923,0.2112918547
PRI,Puerto Rico,0.2300017351,0.2305623307,0.2247072933,0.220118856,0.2178779169,0.211457575,0.2094062426,0.2051437174,0.1977092924,0.2019866406,0.1959567943,0.1821153336,0.1498824952,0.1914122313,0.1762465399,0.1805251894,0.1243113386,0.1318871007,0.1174135077,0.1099947451,0.1063071271,0.09456560029,0.09186862925,0.08937125297,0.0943731989,0.09914340372,0.09508646241,0.09933897525,0.1188084312,0.1083481815,0.1111653305,0.1126050417,0.1183282102,0.1227757585,0.1273834582
PRK,North Korea,0.8722373809,0.887071731,0.8631649538,0.841725689,0.78073716,0.7596035662,0.7194184924,0.7545856372,0.6505030802,0.708267247,0.7567518601,0.8092128994,0.7801011584,0.79697504,0.8169011487,0.8545905924,0.852596058,0.7395087539,0.8174089644,0.7624170151,0.8183514092,0.6926221475,0.6587051067,0.5591216805,0.5857698285,0.4989161551,0.5410974622,0.836863678,0.7614657587,0.8295801798,0.7842365109,0.6721416339,0.696303134,0.7461306013,0.7513122965
PRT,Portugal,0.2123300709,0.2088094171,0.2198798182,0.2204703865,0.2259808786,0.2283262785,0.2161627762,0.2156753655,0.2199489134,0.232329598,0.2232734647,0.2160850483,0.2264908148,0.2156529413,0.217276211,0.2248788013,0.2086823038,0.1991543053,0.1925063149,0.1965105785,0.1791423422,0.177581129,0.1810369057,0.1783781226,0.1764511328,0.1856825421,0.1790832956,0.186322743,0.1711923625,0.1561742282,0.1546432349,0.1421988625,0.1337516365,0.1250216213,0.1186228766
PRY,Paraguay,0.5165999048,0.4680173246,0.4819856904,0.5024710161,0.5072027139,0.5113573486,0.5028958227,0.4895429809,0.4922156003,0.4895862961,0.4879773807,0.5033979996,0.4869453409,0.502966383,0.4669281081,0.4605628613,0.4704310788,0.4794961835,0.4685758503,0.5085819592,0.49872608,0.4831978851,0.5021372054,0.4728423063,0.4763911852,0.4598238527,0.4447655893,0.437004097,0.419072953,0.4248484173,0.4301415597,0.4117768472,0.3993603756,0.3781023229,0.3678873961
PYF,French Polynesia,0.2032520551,0.1989193421,0.204624926,0.2058570026,0.1701634344,0.1608159844,0.157885169,0.1624739431,0.1619437768,0.1562132071,0.140533409,0.1586975298,0.1628071387,0.1671806798,0.1559260653,0.162374597,0.1520614206,0.1599111508,0.1634351556,0.1645931863,0.178018963,0.1780249451,0.174402988,0.1855927675,0.1824894987,0.1829554205,0.1811402817,0.1562992449,0.1370288329,0.1328014554,0.1405074508,0.1328057159,0.168688053,0.1565318151,0.163682774
QAT,Qatar,0.8343407015,0.8761858538,0.8330520563,0.8529321636,0.8740519471,0.8440567797,0.9565745129,1.076324436,0.995772374,1.02911001,0.9982032824,0.9039407868,0.8907624794,0.9415668711,0.8003693641,0.7381642469,0.636205304,0.6041677282,0.5484768944,0.4990514753,0.4492942567,0.4524254919,0.4694398582,0.4863822299,0.4934191127,0.4839079579,0.4704990711,0.4760836346,0.4734263563,0.4769025712,0.48851459,0.4921645161,0.4792696305,0.506046153,0.5153050396
REU,Réunion,,,,,,,,,,,,,,,,,,,,,,,,,,,,,,,,,,,
ROU,Romania,0.636694929,0.5967455051,0.5973635036,0.5560454762,0.5229465258,0.5061099819,0.49774101,0.4839113872,0.439319862,0.3877852131,0.3911476525,0.3877784756,0.3658064092,0.3707397687,0.3350369817,0.3154446416,0.3056039051,0.2805336286,0.2522079508,0.2253830736,0.2311072706,0.2323584136,0.2223929096,0.206600209,0.1985928556,0.1941303472,0.1875547119,0.1790449691,0.1699621078,0.1605948925,0.1582183401,0.157284969,0.143057333,0.1318617167,0.1314799139
RUS,Russia,0.6966813614,0.7169581241,0.7743589459,0.7757130262,0.8032651209,0.8124569523,0.8196602998,0.7571478739,0.7951321137,0.7666933011,0.7072073519,0.6754006093,0.6427512401,0.6178655328,0.5797824815,0.5458775791,0.5131565986,0.4755802999,0.4501713587,0.4628763171,0.4639295107,0.4635245561,0.4476108038,0.430326223,0.4252748342,0.4367215643,0.4337624621,0.4353239497,0.4401059164,0.4364551697,0.432863322,0.439229515,0.4386610576,0.4306104627,0.423994467
RWA,Rwanda,0.6847534353,0.6753473813,0.5991153532,0.6188732117,1.267900273,0.9402899637,0.8741148699,0.8482545456,0.5405497908,0.5577863815,0.4920854109,0.4685395007,0.4339859263,0.4372830923,0.4194687461,0.3893935622,0.3768754716,0.3581634349,0.3353567413,0.324272448,0.3173496036,0.2915675632,0.2766933319,0.2729124227,0.2599046405,0.2638668763,0.2495694669,0.2453477656,0.2345605007,0.2198196378,0.2320536593,0.2140465993,0.2084566694,0.1952831612,0.1794023141
SAU,Saudi Arabia,0.341065374,0.335688877,0.3405954477,0.3521030853,0.3701793696,0.36489831,0.3738823424,0.3711383308,0.3794084517,0.3832754283,0.3869420006,0.3990053901,0.4215785947,0.4151428689,0.4031422063,0.4047829767,0.4120935431,0.421390156,0.4253438661,0.4455476772,0.4581701327,0.4309911565,0.4303013355,0.4233810683,0.432657773,0.4316481327,0.4269911825,0.4193500033,0.3976113734,0.3919899753,0.4085537969,0.3927660294,0.3722688038,0.3764892146,0.3810310285
SCG,Serbia and Montenegro,1.160175393,1.129203452,1.058360648,0.9075220994,0.8198075198,0.8657982279,0.9247086531,0.8317855714,0.787898893,0.6657045662,0.7141386492,0.7132709568,0.7110480232,0.709301573,0.7134766104,0.6266737385,0.6132982028,0.5591472002,0.4836645833,0.4647518972,0.4668224379,0.4895486107,0.4442248342,0.4477554811,0.3914280043,0.4346259602,0.4341770789,0.4221477326,0.3953509064,0.3807322121,0.3949203851,0.3535701785,0.3459019183,0.3224057836,0.3432625381
SDN,Sudan and South Sudan,0.9291989815,0.8794738267,0.8931846468,0.8940566345,0.969181462,0.922685933,0.901373178,0.7851539668,0.7861647407,0.7977482169,0.7900836652,0.7819027155,0.7641443548,0.7429288521,0.7247652924,0.7092883807,0.6830444975,0.6635556285,0.6476483134,0.6762716903,0.6556437375,0.6599494681,0.7357882565,0.7139642795,0.6948825722,0.7020748563,0.7101928627,0.7074403518,0.7500700968,0.7660521698,0.7940502957,0.8159857436,0.8254626913,1.121113546,1.47595261
SEN,Senegal,0.4381052103,0.4354642626,0.445791077,0.4474147698,0.4598359037,0.4457792077,0.4570370797,0.4600051162,0.4549364259,0.4617770388,0.4397218678,0.4472231422,0.4491082001,0.4244889443,0.4286345559,0.4332379095,0.42944848,0.442084382,0.4447600573,0.4511279303,0.4534507518,0.4641393186,0.4538410815,0.4537788559,0.4424800485,0.4466563756,0.4474593138,0.4166500518,0.4072718281,0.3975839542,0.4026375152,0.4111160805,0.4220258752,0.399325786,0.3820968032
SGP,Singapore,0.2431013717,0.2416959768,0.2317685316,0.2410984497,0.232075789,0.2233514616,0.2165430997,0.2062606543,0.2294546538,0.2089540071,0.2080341129,0.2158831266,0.1817056073,0.1684076193,0.1613671877,0.1441620609,0.1329586036,0.1233273747,0.119368622,0.1215780712,0.1197901094,0.117436041,0.1089893515,0.1100598002,0.1091333631,0.1090219217,0.1020976199,0.105714916,0.09920585825,0.1015758766,0.1032976704,0.09767918169,0.09550189414,0.0944261117,0.09507987902
SHN,"Saint Helena, Ascension and Tristan da Cunha",,,,,,,,,,,,,,,,,,,,,,,,,,,,,,,,,,,
SLB,Solomon Islands,0.3868074048,0.3746503326,0.3531451784,0.3441920201,0.3244034872,0.2833427378,0.2827403189,0.2919119556,0.2946272419,0.2999593889,0.4049418227,0.4646157429,0.4958015714,0.4805832918,0.4604940906,0.4443532339,0.4312147027,0.4397204589,0.4213059916,0.4122188703,0.4005502121,0.3850304534,0.3792272219,0.3775600289,0.3650527248,0.3376198054,0.3169312443,0.2928042341,0.3051045367,0.3013873236,0.3104487983,0.3205137736,0.3010835369,0.2966687695,0.2993845102
SLE,Sierra Leone,0.3058478902,0.3163841966,0.3551070052,0.3511197732,0.3590154833,0.4002843771,0.4006099943,0.433303186,0.4305362882,0.449263898,0.3864866706,0.4202044658,0.3482109737,0.334321562,0.3294894931,0.3527673953,0.3866192545,0.3377413995,0.3390225619,0.3595634049,0.3562070808,0.353899988,0.3384132898,0.3096888294,0.3466982599,0.337218422,0.3207112986,0.311908714,0.3131130003,0.3035820041,0.3153306137,0.3393189087,0.3017224641,0.3032859262,0.2975450752
SLV,El Salvador,0.2195119046,0.2427576819,0.2421337271,0.2355523057,0.2440363236,0.2375485908,0.2342845935,0.2539997053,0.2455763511,0.2428976729,0.2290062801,0.2396668298,0.2394812252,0.245661646,0.2521991795,0.2512586773,0.2505431317,0.2508953535,0.2358556601,0.2355379416,0.2240347586,0.2143843179,0.2130878683,0.1943586031,0.1993972143,0.2030449525,0.1973340988,0.1826323183,0.1833002779,0.1945943283,0.1927231066,0.1862804724,0.1953808886,0.1994879332,0.1994557485
SOM,Somalia,4.508070494,4.00910356,4.021311312,4.227675288,5.553798814,5.506797903,5.228525285,5.283562321,4.978671936,4.756333352,4.55731012,4.332285352,4.104379468,3.883104184,3.687225038,3.526309851,3.219172179,2.894358848,2.755515643,2.614831644,2.479839878,2.354393275,2.226927807,2.017028554,1.86540854,1.695393245,1.602279198,1.406466373,1.401451327,1.385078213,1.441470438,1.388123085,1.361818541,1.330026251,1.285300271
SPM,Saint Pierre and Miquelon,,,,,,,,,,,,,,,,,,,,,,,,,,,,,,,,,,,
STP,São Tomé and Príncipe,0.1743473799,0.203023815,0.187108571,0.1838515162,0.2019137928,0.2043005933,0.2074252167,0.2068998945,0.2062286334,0.2137268087,0.2086917701,0.2023158649,0.2142859829,0.2150778392,0.2233720444,0.2219163893,0.2125904515,0.2090888702,0.2072994333,0.2152416808,0.223565975,0.2249335767,0.2256719206,0.2181386481,0.2086036319,0.215747818,0.2125221813,0.2086219672,0.2032805183,0.2069006482,0.199164706,0.1974577056,0.185556032,0.1892539522,0.1901592539
SUR,Suriname,0.3131065114,0.3390149018,0.3564738178,0.3641496187,0.3468243166,0.3520888564,0.3499685311,0.3274593317,0.3217133759,0.3163387999,0.3270034301,0.3163225713,0.237595903,0.2486338395,0.2442067181,0.2609384857,0.2349147024,0.2138031416,0.2127123658,0.2155984445,0.2298392646,0.2348763451,0.2631578685,0.2473329624,0.2729973279,0.2891435789,0.3250363872,0.2791144034,0.2412432294,0.2787862238,0.3243075322,0.3432449166,0.3387389476,0.29948051,0.2970937073
SVK,Slovakia,0.7953379123,0.8104010016,0.8051337909,0.7667081184,0.6850416323,0.6470555149,0.6157547105,0.5763470193,0.5458718228,0.5366908276,0.5109225618,0.5020688844,0.4764763436,0.4599855456,0.4341732683,0.4089069978,0.3770305561,0.3331166582,0.3152680105,0.3047419139,0.3061703587,0.2886635044,0.2716422555,0.2724820982,0.2491122596,0.2417179909,0.2418047284,0.2469240812,0.2352920957,0.2169869858,0.212512782,0.2220018107,0.202695188,0.1880526374,0.1783418963
SVN,Slovenia,0.4160223027,0.4276926885,0.4307529228,0.4311806912,0.4058021792,0.4081266625,0.4095398577,0.4038899671,0.3889551723,0.358781122,0.3430274167,0.3634756199,0.3620948776,0.348396267,0.3410489488,0.3303887368,0.3130198066,0.2912633586,0.2891784059,0.2835737865,0.2821708048,0.2678417468,0.2672619851,0.2689216737,0.2405039313,0.2375177229,0.241555556,0.2332314016,0.2227177963,0.2078866035,0.2018369964,0.1879368966,0.1760329814,0.1643016909,0.1681268656
SWE,Sweden,0.2186846064,0.2218498519,0.2327481696,0.2389959664,0.2383286959,0.2272696583,0.238525013,0.2152333986,0.2088887854,0.196567285,0.1793971029,0.1759276184,0.1751298842,0.1721678656,0.1619388361,0.1497089597,0.1435233994,0.134388382,0.1323850557,0.128120544,0.1328599723,0.1203092651,0.1154173406,0.1103544333,0.1054393528,0.1010368478,0.09808595817,0.09519668569,0.08936298678,0.08725891731,0.08707375873,0.08542631727,0.07969194312,0.07762436896,0.07861725034
SWZ,Eswatini,0.6687105086,0.6721916656,0.621901253,0.5342913562,0.6632917078,0.6282271991,0.567798959,0.561931277,0.539319076,0.5577417026,0.5049704688,0.4784890795,0.4621486459,0.4504362325,0.4391843425,0.4107930096,0.3782295332,0.3712564466,0.3604525272,0.3506688939,0.3054717744,0.2853310424,0.2720247299,0.2824855967,0.2794933269,0.2735826151,0.2652835846,0.2589482836,0.258903153,0.2520948246,0.2462559887,0.2421412867,0.2512662364,0.2327454201,0.2251625291
SYC,Seychelles,0.2951197118,0.3933317027,0.3148923436,0.294981107,0.3017137008,0.3173858228,0.2974014173,0.278133985,0.2771946612,0.2826794062,0.4889111336,0.5519639832,0.4969941072,0.5326229804,0.7482386742,0.6269602973,0.6218830217,0.4775185383,0.5197775412,0.5875745648,0.50840893,0.4003236386,0.4375974365,0.3940527303,0.4339932523,0.4235229257,0.4202013926,0.4110595583,0.3440825711,0.2931037424,0.3137014517,0.2956095095,0.2794587231,0.2726840462,0.2764048523
SYR,Syria,0.8647273777,0.910121954,0.7990154194,0.7947195289,0.770681871,0.7347323759,0.6942507679,0.6511595197,0.6248470337,0.6420676332,0.6539505253,0.5915724583,0.5372341563,0.5041117854,0.4777168198,0.5216012517,0.5068159917,0.5009585285,0.4777490514,0.4374015955,0.4136724981,0.3824852288,0.4095401495,0.3997087845,0.4376074554,0.4245021362,0.4288270179,0.4835037252,0.4926482704,0.4820232667,0.475132617,0.4659468742,0.4566906938,0.4706834566,0.4771060391
TCA,Turks and Caicos Islands,0.07376357922,0.0690810909,0.06522884473,0.06011067592,0.0558485201,0.05349631549,0.04980112425,0.04715245991,0.04579772548,0.04393242808,0.08413951279,0.08261535256,0.1070572523,0.09021473116,0.08905459461,0.09251854065,0.09521228304,0.1078724466,0.1117531741,0.1523411924,0.1660943798,0.1272439467,0.1355835064,0.1523478603,0.1539515437,0.1450097553,0.1456189801,0.1489622597,0.1600655386,0.1757939228,0.2573185149,0.1978596798,0.1774368502,0.1563932333,0.1617009951
TCD,Chad,1.084767424,1.621198332,1.563133799,1.914067307,1.829362769,1.889756956,1.922839025,1.881664931,1.859294855,1.974451282,2.079375802,1.951011449,1.894683468,1.771404608,1.463883076,1.315794493,1.382873206,1.391567972,1.408544153,1.498250842,1.393617595,1.399538657,1.365141143,1.395978758,1.442858474,1.517682079,1.667398256,1.794163937,1.797096182,1.79650979,1.903988248,1.984222052,1.86752755,1.89835842,1.953044589
TGO,Togo,0.3741980169,0.3630918633,0.3469010567,0.3982729648,0.4025537631,0.3677511503,0.4104265638,0.3514836677,0.3981070213,0.4343320995,0.4384283273,0.4341539957,0.4337936816,0.4359215712,0.4422693662,0.4799005577,0.4654051872,0.4768566116,0.4988576645,0.5841643523,0.5448613329,0.5095966458,0.504510775,0.4691898965,0.4304453939,0.4099179822,0.4362659056,0.4060900974,0.4106829886,0.4123803416,0.4332421982,0.4258925035,0.4185278454,0.4095212267,0.3999411492
THA,Thailand,0.3847793622,0.3822831699,0.3731203359,0.3691095394,0.3660633442,0.3616629641,0.3685983782,0.3850496112,0.3816179698,0.3786481573,0.3640355218,0.3678481622,0.3628580018,0.3541262811,0.3569682065,0.3550270973,0.3432408565,0.3361535916,0.332207966,0.3319966967,0.3259225264,0.3232360153,0.3163803437,0.3169709466,0.307538727,0.3024706298,0.292212191,0.2843731305,0.2698184335,0.269713128,0.2825001486,0.2745930622,0.2804914073,0.2702655777,0.2711222875
TJK,Tajikistan,0.9758470705,1.078905827,1.24538602,1.136949857,1.184670676,1.287349572,1.384642199,1.385718177,1.331930782,1.265660212,1.224762891,1.06350119,1.042195194,0.8820551059,0.9670548854,0.8677169591,0.8576502425,0.8900597189,0.7550879031,0.6822597862,0.6342641639,0.5889228748,0.5928989146,0.5616388572,0.5854687953,0.5815172303,0.5807875768,0.5998540439,0.5998550593,0.5867928903,0.5817747093,0.5374956422,0.5092354304,0.46643924,0.440696666
TKM,Turkmenistan,2.05735906,1.953671043,1.764930686,1.713051378,2.325951914,2.49816124,2.259647593,2.381329049,2.440108299,2.567575741,2.543410062,2.503445858,2.757421814,3.042638568,3.042979096,2.703750581,2.556491902,2.425448194,2.203233871,1.814248078,1.805960857,1.693081274,1.585980915,1.424432519,1.273242155,1.266857411,1.170736745,1.147083999,1.099177265,1.025997526,1.001246284,1.101956881,1.088877436,0.9752506413,0.8532738477
TLS,Timor-Leste,0.3247897479,0.3333176351,0.3058628161,0.3004053346,0.3159254206,0.300009261,0.295592181,0.2804341617,0.3234401872,0.5081228289,0.3625325937,0.3292422668,0.3468274765,0.3610924397,0.5595423459,0.6507589634,0.7277168576,0.6034774422,0.5972010046,0.5407080834,0.4738385628,0.4778373783,0.5357909387,0.4726839038,0.4110019532,0.4105278438,0.3633113267,0.352792565,0.3502008293,0.318162764,0.2187658055,0.2053848608,0.2639996466,0.3131190979,0.3108977424
TON,Tonga,0.4337344082,0.4190438114,0.4379742094,0.4234128555,0.4782218638,0.3968518196,0.4270815812,0.4488304712,0.4512429674,0.4441675609,0.3490077776,0.3353356815,0.3379537781,0.3720964755,0.3570263962,0.3751651616,0.4039428851,0.3824020239,0.3809774394,0.4141325996,0.4034245164,0.3680242412,0.3636236641,0.3644729844,0.3778505198,0.3794316364,0.3695850731,0.3755861034,0.3631503189,0.3903929403,0.4164818971,0.4432895254,0.3913328803,0.3840681722,0.3877349308
TTO,Trinidad and Tobago,1.067989561,1.05044793,0.9693464694,0.9631568271,1.029850124,0.959946489,0.9513868361,0.8780383998,0.9797738576,0.9306620823,0.9056575461,0.9727173293,0.9714621068,0.970489753,0.958420472,1.085106933,1.054426515,1.024418748,0.9693463833,0.9887719584,1.036742592,1.042773278,0.906145399,0.861198089,0.8279655079,0.8248123433,0.8227193624,0.8433546117,0.8561721607,0.8692685562,0.8698158579,0.8485621299,0.8366888981,0.7894269615,0.776268162
TUN,Tunisia,0.4136595844,0.4163188926,0.4046251546,0.4045995345,0.3882685735,0.3866659385,0.3746664708,0.3612084069,0.3611125209,0.3586779481,0.3543221547,0.3518999023,0.3446022496,0.3261524275,0.32208477,0.3224975698,0.3185693727,0.3056074975,0.303311356,0.2934805732,0.2992841441,0.2916527548,0.2945099569,0.2856045723,0.2905887336,0.2906971373,0.2820064366,0.2772470599,0.2700916172,0.2662059854,0.2818976783,0.288920556,0.2774066806,0.2831200523,0.2858572202
TUR,Türkiye,0.3361930352,0.328250697,0.3257180054,0.3113500708,0.3212709538,0.3182610383,0.3165887705,0.3053210352,0.3007073718,0.3093190304,0.3130210334,0.3065744222,0.2995122006,0.295868106,0.2756681213,0.2619589754,0.2689669226,0.2757302564,0.2731782045,0.2905080565,0.2759247134,0.2626849248,0.2603555401,0.2365100754,0.2379674591,0.2310740175,0.2366279934,0.2395658945,0.2338678233,0.2276733062,0.2296498716,0.2206969916,0.20275663,0.1928291978,0.1919959348
TWN,Taiwan,0.3910305246,0.3876864014,0.3762299791,0.3765869037,0.3701362476,0.3660086188,0.3613546484,0.3652748112,0.3683351898,0.3598059236,0.361894758,0.3786068412,0.4328997239,0.4296431971,0.4195874727,0.3914674413,0.3592726329,0.3455389143,0.3258725344,0.3126225348,0.2902025167,0.2858070641,0.2745766858,0.2723308519,0.2640490366,0.2593413005,0.2566050418,0.2526143252,0.2427314259,0.2283664789,0.2198207279,0.2133111978,0.2019364075,0.1940799221,0.1855835015
TZA,Tanzania,0.6410219495,0.62546247,0.6427636749,0.6674268934,0.6496161353,0.7045399547,0.6428873889,0.6100433796,0.6163991956,0.6502949835,0.6399684463,0.6162566765,0.5932302109,0.5800443389,0.5591782601,0.5415786135,0.5254848259,0.4922145118,0.4796178839,0.4619288418,0.4586577488,0.4646389191,0.4708739121,0.4700395513,0.4516827166,0.4482568673,0.4322091923,0.4081998592,0.3929416034,0.3972287447,0.4014190491,0.4009972824,0.4023392559,0.4255384741,0.4159318914
UGA,Uganda,0.8059819826,0.7948314027,0.786684327,0.7451394215,0.6892282675,0.6405803274,0.6019258535,0.5883418859,0.5820452509,0.5539226706,0.5501493143,0.5382349083,0.5158612629,0.5048591081,0.4849527864,0.4799364956,0.4478508155,0.4355239841,0.5180172403,0.5045528558,0.4928492508,0.4700083483,0.4676975708,0.4635498897,0.4602520719,0.4591713533,0.4581022818,0.4497293859,0.4424772507,0.4321933461,0.4276793858,0.4345048441,0.4209465583,0.4168000503,0.3969407363
UKR,Ukraine,0.8234253758,0.8473465316,0.83791037,0.8649858411,0.9492688863,1.052738378,1.014445501,1.00141628,0.9666766052,0.9656396573,0.899734123,0.8236590663,0.7868211731,0.7688635014,0.6507035905,0.6141787276,0.5703229593,0.5449287644,0.5157512114,0.5195133854,0.5303395925,0.5356584649,0.5233479001,0.512811837,0.5014286325,0.4732895273,0.4707929088,0.4242457781,0.4283455695,0.4023211161,0.4056603616,0.3818455062,0.3756504243,0.3592331108,0.3390468376
URY,Uruguay,0.6621086722,0.6792623991,0.6671981285,0.6646063737,0.6224974082,0.6382678152,0.6304466081,0.5763716317,0.5441810993,0.5708815878,0.5523254667,0.5684823871,0.628997184,0.6413741066,0.645856714,0.6035144981,0.6113184818,0.5616471199,0.5731500762,0.5417666588,0.4658555599,0.4569738802,0.4479084537,0.4153657073,0.4039413948,0.407002835,0.402328086,0.3868622818,0.3827322881,0.3848684569,0.4087291558,0.4228401417,0.3935666746,0.4079317774,0.4113030645
USA,United States,0.561146637,0.5567930058,0.5463347316,0.5420433399,0.5300766158,0.5216119123,0.5156290987,0.5143941577,0.4954596068,0.4731573939,0.4649004098,0.4565436035,0.4385372111,0.4306525103,0.4205213244,0.406526635,0.3889222658,0.3860401887,0.3754633524,0.3601860642,0.3651396593,0.348480231,0.3284436817,0.3286104346,0.3225012562,0.3072638743,0.2957858886,0.2861874351,0.2863386839,0.2737720403,0.2554472715,0.2533872465,0.2502143435,0.2358553329,0.2302826739
UZB,Uzbekistan,1.891929368,1.89343043,2.003654846,2.059833615,2.130318235,2.032706092,2.060963672,1.93855739,2.062050415,1.959163702,2.003845466,1.987441287,2.029155998,1.824676355,1.717723218,1.616230044,1.607318934,1.423203221,1.387389704,1.161673277,1.176859824,1.128323066,0.9933337351,0.9228491698,0.8248060333,0.7479866792,0.7459795542,0.7344344186,0.6863798166,0.657066649,0.6762995802,0.6646557611,0.6162291158,0.5923974958,0.5984070188
VCT,Saint Vincent and the Grenadines,0.09399328896,0.08998653445,0.09174022743,0.08142927017,0.1083382023,0.1056408975,0.09850105776,0.1055004535,0.1081230476,0.1060520588,0.08135390626,0.08563565747,0.08703809358,0.08442097496,0.08462715851,0.08433501355,0.08390095163,0.08527069664,0.08737808572,0.1180277369,0.1045944591,0.08678807978,0.09802478286,0.09087394499,0.0961446016,0.09503083573,0.09481936271,0.09827884996,0.09577634946,0.09903902443,0.1078561755,0.1016493487,0.1048050542,0.09986657476,0.09768268488
VEN,Venezuela,0.4680573943,0.4399267551,0.417232725,0.4269677748,0.4722743207,0.4610882836,0.5009649324,0.4822070171,0.4925485525,0.5136073047,0.5180451186,0.5150081632,0.5680363304,0.6025547958,0.5334672123,0.5020237497,0.4623058542,0.4232578701,0.4203810437,0.4308720042,0.4458373325,0.4231796047,0.441792089,0.4345606683,0.448680149,0.4469651058,0.5043353164,0.5614640862,0.6369849509,0.7923076267,0.8451150512,0.8357004757,0.8774677046,0.8703105337,0.8365397345
VGB,British Virgin Islands,0.1315510706,0.08889967854,0.08313138701,0.06489302808,0.04563127665,0.03781295726,0.04147147469,0.03317073959,0.04256010805,0.04323363329,0.03683731304,0.0302178568,0.03123821222,0.04050481171,0.0521024142,0.0439472834,0.04317988691,0.05373325554,0.06281573745,0.07244495843,0.09252501298,0.05867364018,0.08008761311,0.07368125008,0.07165724924,0.07665125918,0.07917167451,0.07022358254,0.06755124983,0.08322938776,0.08654023318,0.08371234618,0.07693396993,0.06819883199,0.07033751763
VNM,Viet Nam,0.5684369864,0.5606916906,0.5401070137,0.5354448063,0.5264583349,0.5162496623,0.5045843138,0.4914923974,0.4990452123,0.4968554023,0.4876696042,0.4718255711,0.4827436816,0.4716986646,0.4900182966,0.480800775,0.4618757109,0.4567152879,0.4516927521,0.4611540878,0.4601296503,0.4366841333,0.4136474191,0.4032609729,0.3989305466,0.4002954179,0.3978535301,0.3781720683,0.4063893327,0.4289483356,0.4240928482,0.4083516946,0.3821783793,0.3993951438,0.4013428901
VUT,Vanuatu,1.02246882,1.003730039,0.9383664777,0.9828218828,0.9135963094,0.898435223,0.8885291932,0.8571125805,0.8576870216,0.87323232,0.8412895872,0.8545113234,0.9004182652,0.9158417408,0.8514532558,0.8217746487,0.7570425925,0.9114728996,0.8669852349,0.8191698795,0.8379580059,0.8541852907,0.8085951486,0.8096216657,0.8201853051,0.7111203675,0.6069689304,0.5478872928,0.5990309654,0.5727291942,0.639095533,0.6941287841,0.6419033785,0.6231523673,0.6272386543
WSM,Samoa,0.4364078837,0.4530969388,0.4430762182,0.4555907682,0.4769983194,0.4230633967,0.3968826012,0.4001253793,0.3997493213,0.3914544781,0.4280987078,0.4302050474,0.4150129871,0.403512187,0.3898765165,0.3724515467,0.3654530798,0.3748368273,0.3650795353,0.3760233708,0.3778440245,0.3735963919,0.3923148622,0.4037592789,0.4080680725,0.4359425927,0.4081813021,0.3676890118,0.3778408202,0.3663538122,0.3264064766,0.397905478,0.4066659797,0.3697542477,0.3470410985
YEM,Yemen,0.4008874411,0.4174616852,0.3970980536,0.3829838174,0.4052702001,0.39359925,0.3904848518,0.3967549268,0.3883281035,0.4146802679,0.4280461985,0.4247754077,0.4127205903,0.4592162202,0.4527261664,0.4746744482,0.5072573081,0.5133185349,0.4884093598,0.5007201352,0.4606457662,0.4719073599,0.4326579396,0.4909665946,0.4800038994,0.4061495547,0.3874099982,0.424362019,0.473662831,0.491463544,0.5266889945,0.540905302,0.5322724154,0.5237644447,0.5405609204
ZAF,South Africa,0.9230021037,0.9150555182,0.9209731295,0.9195034158,0.906170653,0.9197806081,0.9114336281,0.927657773,0.937807996,0.8817067468,0.8515535182,0.8501952812,0.8462172001,0.8684325354,0.8870875953,0.8620806744,0.8225184881,0.8117462796,0.8267396898,0.7953972056,0.7833207617,0.732901278,0.7430316901,0.7430087107,0.7494787573,0.7082876979,0.700309075,0.7123495538,0.7029768732,0.7061865067,0.7181355362,0.6823700772,0.6470564852,0.6418348788,0.6546364231
ZMB,Zambia,0.8401578767,0.7849165135,0.8292182434,0.753397552,0.7945902534,0.7527458973,0.6904449175,0.6462330305,0.7258527092,0.678770011,0.6298096997,0.6478955248,0.5904549405,0.5733031961,0.5449870559,0.5421659338,0.5024883053,0.4487702994,0.4410762988,0.4415566303,0.4371218734,0.4106971956,0.4490537841,0.4510320878,0.44825929,0.4468398536,0.4446377143,0.4647849579,0.4723911326,0.4871325537,0.5107057042,0.4972799639,0.5136147322,0.4924788823,0.4863076907
ZWE,Zimbabwe,0.8466286423,0.7997525765,0.9026076482,0.7796665027,0.6928379095,0.6889323338,0.6558300599,0.6168915854,0.6176490558,0.6889124182,0.6453575151,0.6395062927,0.6412024396,0.6849238165,0.7034586003,0.7851759062,0.779347233,0.8096853677,0.8802485683,0.7974079214,0.759058845,0.8308882299,0.6474504915,0.6375303697,0.5754915896,0.5872870314,0.544459513,0.5092642043,0.521820921,0.5260632694,0.5345448903,0.5396407418,0.5248306214,0.535563128,0.536410919
GLOBAL TOTAL,GLOBAL TOTAL,0.5384877145,0.5352787029,0.5279256142,0.521686846,0.5139991205,0.5111029745,0.5024201375,0.4890135921,0.4786181814,0.4652580685,0.4551000574,0.4481614521,0.4419333839,0.4440834972,0.4394463386,0.4337095212,0.4238040248,0.4149425113,0.4062490664,0.4047583112,0.4053414767,0.4018492819,0.3947625331,0.3884981033,0.3785281495,0.3658673847,0.3562312614,0.3492492536,0.3445676271,0.3366422344,0.3337910036,0.3276858541,0.31982481,0.3139302049,0.3080233792